amount;amountInHomeCurrency;category;conversionRate;country;countryCode;datePaid;homeCurrency;localCurrency;notes;paidBy;paidFor;Utilisateur anonyme;paymentMethod;photo;place;latitude;longitude;type;numberOfDays;excludeFromAvg;addToBudget;categoryId;categoryIcon;categoryColor;paymentMethodId;paymentMethodIcon;paymentMethodColor;paidById;paidToId;splitObjects
"20 000";"0,65";"Restaurants";"30 778,63";"France";"FR";"02/03/2026";"EUR";"VND";"";"Utilisateur anonyme";"Utilisateur anonyme";"0,65";"En espèces";"";"";"";"";"Expense";"1";"false";"false";"restaurant-false-386c1f850fbd5f478fb4ef8a134c1740";"restaurant";"#009688";"payments-069b30db06d047a398f9eb0940d3279c";"payments";"#039BE5";"H8y5lmMVDDh36eZRtK5Ht0WvEwD2";"";"[{'share':20000000,'shareInHomeCurrency':650,'forTravelerId':'H8y5lmMVDDh36eZRtK5Ht0WvEwD2'}]"
"200 000";"6,50";"Transport";"30 778,63";"France";"FR";"02/03/2026";"EUR";"VND";"";"Utilisateur anonyme";"Utilisateur anonyme";"6,50";"En espèces";"";"";"";"";"Expense";"1";"false";"false";"train-false-a600971fdd23ea1f5685d7ee01d5f5c3";"train";"#EF6C00";"payments-069b30db06d047a398f9eb0940d3279c";"payments";"#039BE5";"H8y5lmMVDDh36eZRtK5Ht0WvEwD2";"";"[{'share':200000000,'shareInHomeCurrency':6500,'forTravelerId':'H8y5lmMVDDh36eZRtK5Ht0WvEwD2'}]"
"20 000";"0,65";"Restaurants";"30 778,63";"France";"FR";"01/03/2026";"EUR";"VND";"";"Utilisateur anonyme";"Utilisateur anonyme";"0,65";"En espèces";"";"";"";"";"Expense";"1";"false";"false";"restaurant-false-386c1f850fbd5f478fb4ef8a134c1740";"restaurant";"#009688";"payments-069b30db06d047a398f9eb0940d3279c";"payments";"#039BE5";"H8y5lmMVDDh36eZRtK5Ht0WvEwD2";"";"[{'share':20000000,'shareInHomeCurrency':650,'forTravelerId':'H8y5lmMVDDh36eZRtK5Ht0WvEwD2'}]"
"20 000";"0,65";"Restaurants";"30 778,63";"France";"FR";"01/03/2026";"EUR";"VND";"";"Utilisateur anonyme";"Utilisateur anonyme";"0,65";"En espèces";"";"";"";"";"Expense";"1";"false";"false";"restaurant-false-386c1f850fbd5f478fb4ef8a134c1740";"restaurant";"#009688";"payments-069b30db06d047a398f9eb0940d3279c";"payments";"#039BE5";"H8y5lmMVDDh36eZRtK5Ht0WvEwD2";"";"[{'share':20000000,'shareInHomeCurrency':650,'forTravelerId':'H8y5lmMVDDh36eZRtK5Ht0WvEwD2'}]"
"13 000";"0,42";"Courses";"30 778,63";"France";"FR";"01/03/2026";"EUR";"VND";"";"Utilisateur anonyme";"Utilisateur anonyme";"0,42";"En espèces";"";"";"";"";"Expense";"1";"false";"false";"shopping_cart-false-7c3765bf72361083d820071fb21308a9";"shopping_cart";"#039BE5";"payments-069b30db06d047a398f9eb0940d3279c";"payments";"#039BE5";"H8y5lmMVDDh36eZRtK5Ht0WvEwD2";"";"[{'share':13000000,'shareInHomeCurrency':420,'forTravelerId':'H8y5lmMVDDh36eZRtK5Ht0WvEwD2'}]"
"49 000";"1,59";"Boissons";"30 778,63";"France";"FR";"01/03/2026";"EUR";"VND";"";"Utilisateur anonyme";"Utilisateur anonyme";"1,59";"En espèces";"";"";"";"";"Expense";"1";"false";"false";"local_bar-false-0c96179df5834759b90ee5cb3834a365";"local_bar";"#673AB7";"payments-069b30db06d047a398f9eb0940d3279c";"payments";"#039BE5";"H8y5lmMVDDh36eZRtK5Ht0WvEwD2";"";"[{'share':49000000,'shareInHomeCurrency':1590,'forTravelerId':'H8y5lmMVDDh36eZRtK5Ht0WvEwD2'}]"
"25 000";"0,81";"Restaurants";"30 778,63";"France";"FR";"01/03/2026";"EUR";"VND";"";"Utilisateur anonyme";"Utilisateur anonyme";"0,81";"En espèces";"";"";"";"";"Expense";"1";"false";"false";"restaurant-false-386c1f850fbd5f478fb4ef8a134c1740";"restaurant";"#009688";"payments-069b30db06d047a398f9eb0940d3279c";"payments";"#039BE5";"H8y5lmMVDDh36eZRtK5Ht0WvEwD2";"";"[{'share':25000000,'shareInHomeCurrency':810,'forTravelerId':'H8y5lmMVDDh36eZRtK5Ht0WvEwD2'}]"
"20 000";"0,65";"Restaurants";"30 778,63";"France";"FR";"01/03/2026";"EUR";"VND";"";"Utilisateur anonyme";"Utilisateur anonyme";"0,65";"En espèces";"";"";"";"";"Expense";"1";"false";"false";"restaurant-false-386c1f850fbd5f478fb4ef8a134c1740";"restaurant";"#009688";"payments-069b30db06d047a398f9eb0940d3279c";"payments";"#039BE5";"H8y5lmMVDDh36eZRtK5Ht0WvEwD2";"";"[{'share':20000000,'shareInHomeCurrency':650,'forTravelerId':'H8y5lmMVDDh36eZRtK5Ht0WvEwD2'}]"
"25 000";"0,81";"Blanchisserie";"30 778,63";"France";"FR";"28/02/2026";"EUR";"VND";"";"Utilisateur anonyme";"Utilisateur anonyme";"0,81";"En espèces";"";"";"";"";"Expense";"1";"false";"false";"local_laundry_service-false-51f0cc41f89738b2c779ae8e61e45adf";"local_laundry_service";"#0097A7";"payments-069b30db06d047a398f9eb0940d3279c";"payments";"#039BE5";"H8y5lmMVDDh36eZRtK5Ht0WvEwD2";"";"[{'share':25000000,'shareInHomeCurrency':810,'forTravelerId':'H8y5lmMVDDh36eZRtK5Ht0WvEwD2'}]"
"20 000";"0,65";"Boissons";"30 778,63";"France";"FR";"28/02/2026";"EUR";"VND";"";"Utilisateur anonyme";"Utilisateur anonyme";"0,65";"En espèces";"";"";"";"";"Expense";"1";"false";"false";"local_bar-false-0c96179df5834759b90ee5cb3834a365";"local_bar";"#673AB7";"payments-069b30db06d047a398f9eb0940d3279c";"payments";"#039BE5";"H8y5lmMVDDh36eZRtK5Ht0WvEwD2";"";"[{'share':20000000,'shareInHomeCurrency':650,'forTravelerId':'H8y5lmMVDDh36eZRtK5Ht0WvEwD2'}]"
"20 000";"0,65";"Restaurants";"30 738,285";"France";"FR";"28/02/2026";"EUR";"VND";"";"Utilisateur anonyme";"Utilisateur anonyme";"0,65";"En espèces";"";"";"";"";"Expense";"1";"false";"false";"restaurant-false-386c1f850fbd5f478fb4ef8a134c1740";"restaurant";"#009688";"payments-069b30db06d047a398f9eb0940d3279c";"payments";"#039BE5";"H8y5lmMVDDh36eZRtK5Ht0WvEwD2";"";"[{'share':20000000,'shareInHomeCurrency':650,'forTravelerId':'H8y5lmMVDDh36eZRtK5Ht0WvEwD2'}]"
"18 000";"0,59";"Boissons";"30 738,285";"France";"FR";"28/02/2026";"EUR";"VND";"";"Utilisateur anonyme";"Utilisateur anonyme";"0,59";"En espèces";"";"";"";"";"Expense";"1";"false";"false";"local_bar-false-0c96179df5834759b90ee5cb3834a365";"local_bar";"#673AB7";"payments-069b30db06d047a398f9eb0940d3279c";"payments";"#039BE5";"H8y5lmMVDDh36eZRtK5Ht0WvEwD2";"";"[{'share':18000000,'shareInHomeCurrency':590,'forTravelerId':'H8y5lmMVDDh36eZRtK5Ht0WvEwD2'}]"
"30 000";"0,98";"Activités";"30 738,285";"France";"FR";"28/02/2026";"EUR";"VND";"";"Utilisateur anonyme";"Utilisateur anonyme";"0,98";"En espèces";"";"";"";"";"Expense";"1";"false";"false";"rowing-false-d78ed35383108fb6c04c16d0a11b20fe";"rowing";"#E91E63";"payments-069b30db06d047a398f9eb0940d3279c";"payments";"#039BE5";"H8y5lmMVDDh36eZRtK5Ht0WvEwD2";"";"[{'share':30000000,'shareInHomeCurrency':980,'forTravelerId':'H8y5lmMVDDh36eZRtK5Ht0WvEwD2'}]"
"55 000";"1,79";"Restaurants";"30 738,285";"France";"FR";"28/02/2026";"EUR";"VND";"";"Utilisateur anonyme";"Utilisateur anonyme";"1,79";"En espèces";"";"";"";"";"Expense";"1";"false";"false";"restaurant-false-386c1f850fbd5f478fb4ef8a134c1740";"restaurant";"#009688";"payments-069b30db06d047a398f9eb0940d3279c";"payments";"#039BE5";"H8y5lmMVDDh36eZRtK5Ht0WvEwD2";"";"[{'share':55000000,'shareInHomeCurrency':1790,'forTravelerId':'H8y5lmMVDDh36eZRtK5Ht0WvEwD2'}]"
"38 000";"1,24";"Boissons";"30 738,285";"France";"FR";"28/02/2026";"EUR";"VND";"";"Utilisateur anonyme";"Utilisateur anonyme";"1,24";"En espèces";"";"";"";"";"Expense";"1";"false";"false";"local_bar-false-0c96179df5834759b90ee5cb3834a365";"local_bar";"#673AB7";"payments-069b30db06d047a398f9eb0940d3279c";"payments";"#039BE5";"H8y5lmMVDDh36eZRtK5Ht0WvEwD2";"";"[{'share':38000000,'shareInHomeCurrency':1240,'forTravelerId':'H8y5lmMVDDh36eZRtK5Ht0WvEwD2'}]"
"30 000";"0,98";"Restaurants";"30 738,285";"France";"FR";"27/02/2026";"EUR";"VND";"";"Utilisateur anonyme";"Utilisateur anonyme";"0,98";"En espèces";"";"";"";"";"Expense";"1";"false";"false";"restaurant-false-386c1f850fbd5f478fb4ef8a134c1740";"restaurant";"#009688";"payments-069b30db06d047a398f9eb0940d3279c";"payments";"#039BE5";"H8y5lmMVDDh36eZRtK5Ht0WvEwD2";"";"[{'share':30000000,'shareInHomeCurrency':980,'forTravelerId':'H8y5lmMVDDh36eZRtK5Ht0WvEwD2'}]"
"20 000";"0,65";"Restaurants";"30 738,285";"France";"FR";"27/02/2026";"EUR";"VND";"";"Utilisateur anonyme";"Utilisateur anonyme";"0,65";"En espèces";"";"";"";"";"Expense";"1";"false";"false";"restaurant-false-386c1f850fbd5f478fb4ef8a134c1740";"restaurant";"#009688";"payments-069b30db06d047a398f9eb0940d3279c";"payments";"#039BE5";"H8y5lmMVDDh36eZRtK5Ht0WvEwD2";"";"[{'share':20000000,'shareInHomeCurrency':650,'forTravelerId':'H8y5lmMVDDh36eZRtK5Ht0WvEwD2'}]"
"32 300";"1,05";"Transport";"30 768,051";"France";"FR";"27/02/2026";"EUR";"VND";"";"Utilisateur anonyme";"Utilisateur anonyme";"1,05";"En espèces";"";"";"";"";"Expense";"1";"false";"false";"train-false-a600971fdd23ea1f5685d7ee01d5f5c3";"train";"#EF6C00";"payments-069b30db06d047a398f9eb0940d3279c";"payments";"#039BE5";"H8y5lmMVDDh36eZRtK5Ht0WvEwD2";"";"[{'share':32300000,'shareInHomeCurrency':1050,'forTravelerId':'H8y5lmMVDDh36eZRtK5Ht0WvEwD2'}]"
"80 000";"2,60";"Transport";"30 768,051";"France";"FR";"27/02/2026";"EUR";"VND";"";"Utilisateur anonyme";"Utilisateur anonyme";"2,60";"En espèces";"";"";"";"";"Expense";"1";"false";"false";"train-false-a600971fdd23ea1f5685d7ee01d5f5c3";"train";"#EF6C00";"payments-069b30db06d047a398f9eb0940d3279c";"payments";"#039BE5";"H8y5lmMVDDh36eZRtK5Ht0WvEwD2";"";"[{'share':80000000,'shareInHomeCurrency':2600,'forTravelerId':'H8y5lmMVDDh36eZRtK5Ht0WvEwD2'}]"
"62 300";"2,02";"Transport";"30 768,051";"France";"FR";"27/02/2026";"EUR";"VND";"";"Utilisateur anonyme";"Utilisateur anonyme";"2,02";"En espèces";"";"";"";"";"Expense";"1";"false";"false";"train-false-a600971fdd23ea1f5685d7ee01d5f5c3";"train";"#EF6C00";"payments-069b30db06d047a398f9eb0940d3279c";"payments";"#039BE5";"H8y5lmMVDDh36eZRtK5Ht0WvEwD2";"";"[{'share':62300000,'shareInHomeCurrency':2020,'forTravelerId':'H8y5lmMVDDh36eZRtK5Ht0WvEwD2'}]"
"306 000";"10,02";"Hébergements";"30 548,269";"France";"FR";"27/02/2026";"EUR";"VND";"";"Utilisateur anonyme";"Utilisateur anonyme";"10,02";"En espèces";"";"";"";"";"Expense";"3";"false";"false";"hotel-false-3e1b660a6d0b1877c3dd4a16fbb5cb5c";"hotel";"#DB4437";"payments-069b30db06d047a398f9eb0940d3279c";"payments";"#039BE5";"H8y5lmMVDDh36eZRtK5Ht0WvEwD2";"";"[{'share':306000000,'shareInHomeCurrency':10020,'forTravelerId':'H8y5lmMVDDh36eZRtK5Ht0WvEwD2'}]"
"6 000";"0,20";"Courses";"30 768,051";"France";"FR";"26/02/2026";"EUR";"VND";"";"Utilisateur anonyme";"Utilisateur anonyme";"0,20";"En espèces";"";"";"";"";"Expense";"1";"false";"false";"shopping_cart-false-7c3765bf72361083d820071fb21308a9";"shopping_cart";"#039BE5";"payments-069b30db06d047a398f9eb0940d3279c";"payments";"#039BE5";"H8y5lmMVDDh36eZRtK5Ht0WvEwD2";"";"[{'share':6000000,'shareInHomeCurrency':200,'forTravelerId':'H8y5lmMVDDh36eZRtK5Ht0WvEwD2'}]"
"56 000";"1,82";"Courses";"30 761,072";"France";"FR";"26/02/2026";"EUR";"VND";"";"Utilisateur anonyme";"Utilisateur anonyme";"1,82";"En espèces";"";"";"";"";"Expense";"1";"false";"false";"shopping_cart-false-7c3765bf72361083d820071fb21308a9";"shopping_cart";"#039BE5";"payments-069b30db06d047a398f9eb0940d3279c";"payments";"#039BE5";"H8y5lmMVDDh36eZRtK5Ht0WvEwD2";"";"[{'share':56000000,'shareInHomeCurrency':1820,'forTravelerId':'H8y5lmMVDDh36eZRtK5Ht0WvEwD2'}]"
"4 000";"0,13";"Transport";"30 761,072";"France";"FR";"26/02/2026";"EUR";"VND";"";"Utilisateur anonyme";"Utilisateur anonyme";"0,13";"En espèces";"";"";"";"";"Expense";"1";"false";"false";"train-false-a600971fdd23ea1f5685d7ee01d5f5c3";"train";"#EF6C00";"payments-069b30db06d047a398f9eb0940d3279c";"payments";"#039BE5";"H8y5lmMVDDh36eZRtK5Ht0WvEwD2";"";"[{'share':4000000,'shareInHomeCurrency':130,'forTravelerId':'H8y5lmMVDDh36eZRtK5Ht0WvEwD2'}]"
"45 000";"1,46";"Restaurants";"30 761,072";"France";"FR";"26/02/2026";"EUR";"VND";"";"Utilisateur anonyme";"Utilisateur anonyme";"1,46";"En espèces";"";"";"";"";"Expense";"1";"false";"false";"restaurant-false-386c1f850fbd5f478fb4ef8a134c1740";"restaurant";"#009688";"payments-069b30db06d047a398f9eb0940d3279c";"payments";"#039BE5";"H8y5lmMVDDh36eZRtK5Ht0WvEwD2";"";"[{'share':45000000,'shareInHomeCurrency':1460,'forTravelerId':'H8y5lmMVDDh36eZRtK5Ht0WvEwD2'}]"
"15 000";"0,49";"Courses";"30 761,072";"France";"FR";"26/02/2026";"EUR";"VND";"";"Utilisateur anonyme";"Utilisateur anonyme";"0,49";"En espèces";"";"";"";"";"Expense";"1";"false";"false";"shopping_cart-false-7c3765bf72361083d820071fb21308a9";"shopping_cart";"#039BE5";"payments-069b30db06d047a398f9eb0940d3279c";"payments";"#039BE5";"H8y5lmMVDDh36eZRtK5Ht0WvEwD2";"";"[{'share':15000000,'shareInHomeCurrency':490,'forTravelerId':'H8y5lmMVDDh36eZRtK5Ht0WvEwD2'}]"
"15 000";"0,49";"Boissons";"30 761,072";"France";"FR";"25/02/2026";"EUR";"VND";"";"Utilisateur anonyme";"Utilisateur anonyme";"0,49";"En espèces";"";"";"";"";"Expense";"1";"false";"false";"local_bar-false-0c96179df5834759b90ee5cb3834a365";"local_bar";"#673AB7";"payments-069b30db06d047a398f9eb0940d3279c";"payments";"#039BE5";"H8y5lmMVDDh36eZRtK5Ht0WvEwD2";"";"[{'share':15000000,'shareInHomeCurrency':490,'forTravelerId':'H8y5lmMVDDh36eZRtK5Ht0WvEwD2'}]"
"50 000";"1,63";"Restaurants";"30 761,072";"France";"FR";"25/02/2026";"EUR";"VND";"";"Utilisateur anonyme";"Utilisateur anonyme";"1,63";"En espèces";"";"";"";"";"Expense";"1";"false";"false";"restaurant-false-386c1f850fbd5f478fb4ef8a134c1740";"restaurant";"#009688";"payments-069b30db06d047a398f9eb0940d3279c";"payments";"#039BE5";"H8y5lmMVDDh36eZRtK5Ht0WvEwD2";"";"[{'share':50000000,'shareInHomeCurrency':1630,'forTravelerId':'H8y5lmMVDDh36eZRtK5Ht0WvEwD2'}]"
"45 000";"1,46";"Restaurants";"30 866,671";"France";"FR";"25/02/2026";"EUR";"VND";"";"Utilisateur anonyme";"Utilisateur anonyme";"1,46";"En espèces";"";"";"";"";"Expense";"1";"false";"false";"restaurant-false-386c1f850fbd5f478fb4ef8a134c1740";"restaurant";"#009688";"payments-069b30db06d047a398f9eb0940d3279c";"payments";"#039BE5";"H8y5lmMVDDh36eZRtK5Ht0WvEwD2";"";"[{'share':45000000,'shareInHomeCurrency':1460,'forTravelerId':'H8y5lmMVDDh36eZRtK5Ht0WvEwD2'}]"
"15 000";"0,49";"Courses";"30 866,671";"France";"FR";"25/02/2026";"EUR";"VND";"";"Utilisateur anonyme";"Utilisateur anonyme";"0,49";"En espèces";"";"";"";"";"Expense";"1";"false";"false";"shopping_cart-false-7c3765bf72361083d820071fb21308a9";"shopping_cart";"#039BE5";"payments-069b30db06d047a398f9eb0940d3279c";"payments";"#039BE5";"H8y5lmMVDDh36eZRtK5Ht0WvEwD2";"";"[{'share':15000000,'shareInHomeCurrency':490,'forTravelerId':'H8y5lmMVDDh36eZRtK5Ht0WvEwD2'}]"
"15 000";"0,49";"Courses";"30 866,671";"France";"FR";"24/02/2026";"EUR";"VND";"";"Utilisateur anonyme";"Utilisateur anonyme";"0,49";"En espèces";"";"";"";"";"Expense";"1";"false";"false";"shopping_cart-false-7c3765bf72361083d820071fb21308a9";"shopping_cart";"#039BE5";"payments-069b30db06d047a398f9eb0940d3279c";"payments";"#039BE5";"H8y5lmMVDDh36eZRtK5Ht0WvEwD2";"";"[{'share':15000000,'shareInHomeCurrency':490,'forTravelerId':'H8y5lmMVDDh36eZRtK5Ht0WvEwD2'}]"
"50 000";"1,62";"Restaurants";"30 866,671";"France";"FR";"24/02/2026";"EUR";"VND";"";"Utilisateur anonyme";"Utilisateur anonyme";"1,62";"En espèces";"";"";"";"";"Expense";"1";"false";"false";"restaurant-false-386c1f850fbd5f478fb4ef8a134c1740";"restaurant";"#009688";"payments-069b30db06d047a398f9eb0940d3279c";"payments";"#039BE5";"H8y5lmMVDDh36eZRtK5Ht0WvEwD2";"";"[{'share':50000000,'shareInHomeCurrency':1620,'forTravelerId':'H8y5lmMVDDh36eZRtK5Ht0WvEwD2'}]"
"45 000";"1,46";"Restaurants";"30 812,424";"France";"FR";"24/02/2026";"EUR";"VND";"";"Utilisateur anonyme";"Utilisateur anonyme";"1,46";"En espèces";"";"";"";"";"Expense";"1";"false";"false";"restaurant-false-386c1f850fbd5f478fb4ef8a134c1740";"restaurant";"#009688";"payments-069b30db06d047a398f9eb0940d3279c";"payments";"#039BE5";"H8y5lmMVDDh36eZRtK5Ht0WvEwD2";"";"[{'share':45000000,'shareInHomeCurrency':1460,'forTravelerId':'H8y5lmMVDDh36eZRtK5Ht0WvEwD2'}]"
"6 000";"0,19";"Transport";"30 812,424";"France";"FR";"24/02/2026";"EUR";"VND";"";"Utilisateur anonyme";"Utilisateur anonyme";"0,19";"En espèces";"";"";"";"";"Expense";"1";"false";"false";"train-false-a600971fdd23ea1f5685d7ee01d5f5c3";"train";"#EF6C00";"payments-069b30db06d047a398f9eb0940d3279c";"payments";"#039BE5";"H8y5lmMVDDh36eZRtK5Ht0WvEwD2";"";"[{'share':6000000,'shareInHomeCurrency':190,'forTravelerId':'H8y5lmMVDDh36eZRtK5Ht0WvEwD2'}]"
"50 000";"1,63";"Restaurants";"30 615,974";"France";"FR";"23/02/2026";"EUR";"VND";"";"Utilisateur anonyme";"Utilisateur anonyme";"1,63";"En espèces";"";"";"";"";"Expense";"1";"false";"false";"restaurant-false-386c1f850fbd5f478fb4ef8a134c1740";"restaurant";"#009688";"payments-069b30db06d047a398f9eb0940d3279c";"payments";"#039BE5";"H8y5lmMVDDh36eZRtK5Ht0WvEwD2";"";"[{'share':50000000,'shareInHomeCurrency':1630,'forTravelerId':'H8y5lmMVDDh36eZRtK5Ht0WvEwD2'}]"
"100 000";"3,27";"Tourisme";"30 615,974";"France";"FR";"23/02/2026";"EUR";"VND";"";"Utilisateur anonyme";"Utilisateur anonyme";"3,27";"En espèces";"";"";"";"";"Expense";"1";"false";"false";"museum-false-15ef303b96502f06a5f0095002a87cf8";"museum";"#8BC34A";"payments-069b30db06d047a398f9eb0940d3279c";"payments";"#039BE5";"H8y5lmMVDDh36eZRtK5Ht0WvEwD2";"";"[{'share':100000000,'shareInHomeCurrency':3270,'forTravelerId':'H8y5lmMVDDh36eZRtK5Ht0WvEwD2'}]"
"15 000";"0,49";"Courses";"30 615,974";"France";"FR";"23/02/2026";"EUR";"VND";"";"Utilisateur anonyme";"Utilisateur anonyme";"0,49";"En espèces";"";"";"";"";"Expense";"1";"false";"false";"shopping_cart-false-7c3765bf72361083d820071fb21308a9";"shopping_cart";"#039BE5";"payments-069b30db06d047a398f9eb0940d3279c";"payments";"#039BE5";"H8y5lmMVDDh36eZRtK5Ht0WvEwD2";"";"[{'share':15000000,'shareInHomeCurrency':490,'forTravelerId':'H8y5lmMVDDh36eZRtK5Ht0WvEwD2'}]"
"80 000";"2,61";"Restaurants";"30 615,974";"France";"FR";"23/02/2026";"EUR";"VND";"";"Utilisateur anonyme";"Utilisateur anonyme";"2,61";"En espèces";"";"";"";"";"Expense";"1";"false";"false";"restaurant-false-386c1f850fbd5f478fb4ef8a134c1740";"restaurant";"#009688";"payments-069b30db06d047a398f9eb0940d3279c";"payments";"#039BE5";"H8y5lmMVDDh36eZRtK5Ht0WvEwD2";"";"[{'share':80000000,'shareInHomeCurrency':2610,'forTravelerId':'H8y5lmMVDDh36eZRtK5Ht0WvEwD2'}]"
"50 000";"1,63";"Restaurants";"30 615,974";"France";"FR";"22/02/2026";"EUR";"VND";"";"Utilisateur anonyme";"Utilisateur anonyme";"1,63";"En espèces";"";"";"";"";"Expense";"1";"false";"false";"restaurant-false-386c1f850fbd5f478fb4ef8a134c1740";"restaurant";"#009688";"payments-069b30db06d047a398f9eb0940d3279c";"payments";"#039BE5";"H8y5lmMVDDh36eZRtK5Ht0WvEwD2";"";"[{'share':50000000,'shareInHomeCurrency':1630,'forTravelerId':'H8y5lmMVDDh36eZRtK5Ht0WvEwD2'}]"
"15 000";"0,49";"Courses";"30 615,974";"France";"FR";"22/02/2026";"EUR";"VND";"";"Utilisateur anonyme";"Utilisateur anonyme";"0,49";"En espèces";"";"";"";"";"Expense";"1";"false";"false";"shopping_cart-false-7c3765bf72361083d820071fb21308a9";"shopping_cart";"#039BE5";"payments-069b30db06d047a398f9eb0940d3279c";"payments";"#039BE5";"H8y5lmMVDDh36eZRtK5Ht0WvEwD2";"";"[{'share':15000000,'shareInHomeCurrency':490,'forTravelerId':'H8y5lmMVDDh36eZRtK5Ht0WvEwD2'}]"
"45 000";"1,47";"Restaurants";"30 615,974";"France";"FR";"22/02/2026";"EUR";"VND";"";"Utilisateur anonyme";"Utilisateur anonyme";"1,47";"En espèces";"";"";"";"";"Expense";"1";"false";"false";"restaurant-false-386c1f850fbd5f478fb4ef8a134c1740";"restaurant";"#009688";"payments-069b30db06d047a398f9eb0940d3279c";"payments";"#039BE5";"H8y5lmMVDDh36eZRtK5Ht0WvEwD2";"";"[{'share':45000000,'shareInHomeCurrency':1470,'forTravelerId':'H8y5lmMVDDh36eZRtK5Ht0WvEwD2'}]"
"20 000";"0,65";"Boissons";"30 615,974";"France";"FR";"22/02/2026";"EUR";"VND";"";"Utilisateur anonyme";"Utilisateur anonyme";"0,65";"En espèces";"";"";"";"";"Expense";"1";"false";"false";"local_bar-false-0c96179df5834759b90ee5cb3834a365";"local_bar";"#673AB7";"payments-069b30db06d047a398f9eb0940d3279c";"payments";"#039BE5";"H8y5lmMVDDh36eZRtK5Ht0WvEwD2";"";"[{'share':20000000,'shareInHomeCurrency':650,'forTravelerId':'H8y5lmMVDDh36eZRtK5Ht0WvEwD2'}]"
"6 000";"0,20";"Transport";"30 548,269";"France";"FR";"21/02/2026";"EUR";"VND";"";"Utilisateur anonyme";"Utilisateur anonyme";"0,20";"En espèces";"";"";"";"";"Expense";"1";"false";"false";"train-false-a600971fdd23ea1f5685d7ee01d5f5c3";"train";"#EF6C00";"payments-069b30db06d047a398f9eb0940d3279c";"payments";"#039BE5";"H8y5lmMVDDh36eZRtK5Ht0WvEwD2";"";"[{'share':6000000,'shareInHomeCurrency':200,'forTravelerId':'H8y5lmMVDDh36eZRtK5Ht0WvEwD2'}]"
"80 000";"2,62";"Tourisme";"30 548,269";"France";"FR";"21/02/2026";"EUR";"VND";"";"Utilisateur anonyme";"Utilisateur anonyme";"2,62";"En espèces";"";"";"";"";"Expense";"1";"false";"false";"museum-false-15ef303b96502f06a5f0095002a87cf8";"museum";"#8BC34A";"payments-069b30db06d047a398f9eb0940d3279c";"payments";"#039BE5";"H8y5lmMVDDh36eZRtK5Ht0WvEwD2";"";"[{'share':80000000,'shareInHomeCurrency':2620,'forTravelerId':'H8y5lmMVDDh36eZRtK5Ht0WvEwD2'}]"
"50 000";"1,64";"Activités";"30 548,269";"France";"FR";"21/02/2026";"EUR";"VND";"";"Utilisateur anonyme";"Utilisateur anonyme";"1,64";"En espèces";"";"";"";"";"Expense";"1";"false";"false";"rowing-false-d78ed35383108fb6c04c16d0a11b20fe";"rowing";"#E91E63";"payments-069b30db06d047a398f9eb0940d3279c";"payments";"#039BE5";"H8y5lmMVDDh36eZRtK5Ht0WvEwD2";"";"[{'share':50000000,'shareInHomeCurrency':1640,'forTravelerId':'H8y5lmMVDDh36eZRtK5Ht0WvEwD2'}]"
"25 000";"0,82";"Boissons";"30 548,269";"France";"FR";"21/02/2026";"EUR";"VND";"";"Utilisateur anonyme";"Utilisateur anonyme";"0,82";"En espèces";"";"";"";"";"Expense";"1";"false";"false";"local_bar-false-0c96179df5834759b90ee5cb3834a365";"local_bar";"#673AB7";"payments-069b30db06d047a398f9eb0940d3279c";"payments";"#039BE5";"H8y5lmMVDDh36eZRtK5Ht0WvEwD2";"";"[{'share':25000000,'shareInHomeCurrency':820,'forTravelerId':'H8y5lmMVDDh36eZRtK5Ht0WvEwD2'}]"
"50 000";"1,64";"Restaurants";"30 548,269";"France";"FR";"21/02/2026";"EUR";"VND";"";"Utilisateur anonyme";"Utilisateur anonyme";"1,64";"En espèces";"";"";"";"";"Expense";"1";"false";"false";"restaurant-false-386c1f850fbd5f478fb4ef8a134c1740";"restaurant";"#009688";"payments-069b30db06d047a398f9eb0940d3279c";"payments";"#039BE5";"H8y5lmMVDDh36eZRtK5Ht0WvEwD2";"";"[{'share':50000000,'shareInHomeCurrency':1640,'forTravelerId':'H8y5lmMVDDh36eZRtK5Ht0WvEwD2'}]"
"50 000";"1,63";"Restaurants";"30 633,309";"France";"FR";"20/02/2026";"EUR";"VND";"";"Utilisateur anonyme";"Utilisateur anonyme";"1,63";"En espèces";"";"";"";"";"Expense";"1";"false";"false";"restaurant-false-386c1f850fbd5f478fb4ef8a134c1740";"restaurant";"#009688";"payments-069b30db06d047a398f9eb0940d3279c";"payments";"#039BE5";"H8y5lmMVDDh36eZRtK5Ht0WvEwD2";"";"[{'share':50000000,'shareInHomeCurrency':1630,'forTravelerId':'H8y5lmMVDDh36eZRtK5Ht0WvEwD2'}]"
"2 000";"0,07";"Transport";"30 633,309";"France";"FR";"20/02/2026";"EUR";"VND";"";"Utilisateur anonyme";"Utilisateur anonyme";"0,07";"En espèces";"";"";"";"";"Expense";"1";"false";"false";"train-false-a600971fdd23ea1f5685d7ee01d5f5c3";"train";"#EF6C00";"payments-069b30db06d047a398f9eb0940d3279c";"payments";"#039BE5";"H8y5lmMVDDh36eZRtK5Ht0WvEwD2";"";"[{'share':2000000,'shareInHomeCurrency':70,'forTravelerId':'H8y5lmMVDDh36eZRtK5Ht0WvEwD2'}]"
"15 000";"0,49";"Boissons";"30 633,309";"France";"FR";"20/02/2026";"EUR";"VND";"";"Utilisateur anonyme";"Utilisateur anonyme";"0,49";"En espèces";"";"";"";"";"Expense";"1";"false";"false";"local_bar-false-0c96179df5834759b90ee5cb3834a365";"local_bar";"#673AB7";"payments-069b30db06d047a398f9eb0940d3279c";"payments";"#039BE5";"H8y5lmMVDDh36eZRtK5Ht0WvEwD2";"";"[{'share':15000000,'shareInHomeCurrency':490,'forTravelerId':'H8y5lmMVDDh36eZRtK5Ht0WvEwD2'}]"
"25 000";"0,82";"Restaurants";"30 633,309";"France";"FR";"20/02/2026";"EUR";"VND";"";"Utilisateur anonyme";"Utilisateur anonyme";"0,82";"En espèces";"";"";"";"";"Expense";"1";"false";"false";"restaurant-false-386c1f850fbd5f478fb4ef8a134c1740";"restaurant";"#009688";"payments-069b30db06d047a398f9eb0940d3279c";"payments";"#039BE5";"H8y5lmMVDDh36eZRtK5Ht0WvEwD2";"";"[{'share':25000000,'shareInHomeCurrency':820,'forTravelerId':'H8y5lmMVDDh36eZRtK5Ht0WvEwD2'}]"
"120 000";"3,89";"Transport";"30 814,685";"France";"FR";"20/02/2026";"EUR";"VND";"";"Utilisateur anonyme";"Utilisateur anonyme";"3,89";"En espèces";"";"";"";"";"Expense";"1";"false";"false";"train-false-a600971fdd23ea1f5685d7ee01d5f5c3";"train";"#EF6C00";"payments-069b30db06d047a398f9eb0940d3279c";"payments";"#039BE5";"H8y5lmMVDDh36eZRtK5Ht0WvEwD2";"";"[{'share':120000000,'shareInHomeCurrency':3890,'forTravelerId':'H8y5lmMVDDh36eZRtK5Ht0WvEwD2'}]"
"1 190 000";"38,70";"Hébergements";"30 746,045";"France";"FR";"20/02/2026";"EUR";"VND";"";"Utilisateur anonyme";"Utilisateur anonyme";"38,70";"En espèces";"";"";"";"";"Expense";"7";"false";"false";"hotel-false-3e1b660a6d0b1877c3dd4a16fbb5cb5c";"hotel";"#DB4437";"payments-069b30db06d047a398f9eb0940d3279c";"payments";"#039BE5";"H8y5lmMVDDh36eZRtK5Ht0WvEwD2";"";"[{'share':1190000000,'shareInHomeCurrency':38700,'forTravelerId':'H8y5lmMVDDh36eZRtK5Ht0WvEwD2'}]"
"70 000";"2,29";"Restaurants";"30 633,309";"France";"FR";"19/02/2026";"EUR";"VND";"";"Utilisateur anonyme";"Utilisateur anonyme";"2,29";"En espèces";"";"";"";"";"Expense";"1";"false";"false";"restaurant-false-386c1f850fbd5f478fb4ef8a134c1740";"restaurant";"#009688";"payments-069b30db06d047a398f9eb0940d3279c";"payments";"#039BE5";"H8y5lmMVDDh36eZRtK5Ht0WvEwD2";"";"[{'share':70000000,'shareInHomeCurrency':2290,'forTravelerId':'H8y5lmMVDDh36eZRtK5Ht0WvEwD2'}]"
"50 000";"1,63";"Blanchisserie";"30 745,371";"France";"FR";"19/02/2026";"EUR";"VND";"";"Utilisateur anonyme";"Utilisateur anonyme";"1,63";"En espèces";"";"";"";"";"Expense";"1";"false";"false";"local_laundry_service-false-51f0cc41f89738b2c779ae8e61e45adf";"local_laundry_service";"#0097A7";"payments-069b30db06d047a398f9eb0940d3279c";"payments";"#039BE5";"H8y5lmMVDDh36eZRtK5Ht0WvEwD2";"";"[{'share':50000000,'shareInHomeCurrency':1630,'forTravelerId':'H8y5lmMVDDh36eZRtK5Ht0WvEwD2'}]"
"50 000";"1,63";"Divertissement";"30 745,371";"France";"FR";"19/02/2026";"EUR";"VND";"";"Utilisateur anonyme";"Utilisateur anonyme";"1,63";"En espèces";"";"";"";"";"Expense";"1";"false";"false";"theaters-false-336fdcf7d540e4b430a890b63da159c9";"theaters";"#FF5722";"payments-069b30db06d047a398f9eb0940d3279c";"payments";"#039BE5";"H8y5lmMVDDh36eZRtK5Ht0WvEwD2";"";"[{'share':50000000,'shareInHomeCurrency':1630,'forTravelerId':'H8y5lmMVDDh36eZRtK5Ht0WvEwD2'}]"
"64 000";"2,08";"Boissons";"30 745,371";"France";"FR";"19/02/2026";"EUR";"VND";"";"Utilisateur anonyme";"Utilisateur anonyme";"2,08";"En espèces";"";"";"";"";"Expense";"1";"false";"false";"local_bar-false-0c96179df5834759b90ee5cb3834a365";"local_bar";"#673AB7";"payments-069b30db06d047a398f9eb0940d3279c";"payments";"#039BE5";"H8y5lmMVDDh36eZRtK5Ht0WvEwD2";"";"[{'share':64000000,'shareInHomeCurrency':2080,'forTravelerId':'H8y5lmMVDDh36eZRtK5Ht0WvEwD2'}]"
"15 000";"0,49";"Divertissement";"30 745,371";"France";"FR";"19/02/2026";"EUR";"VND";"";"Utilisateur anonyme";"Utilisateur anonyme";"0,49";"En espèces";"";"";"";"";"Expense";"1";"false";"false";"theaters-false-336fdcf7d540e4b430a890b63da159c9";"theaters";"#FF5722";"payments-069b30db06d047a398f9eb0940d3279c";"payments";"#039BE5";"H8y5lmMVDDh36eZRtK5Ht0WvEwD2";"";"[{'share':15000000,'shareInHomeCurrency':490,'forTravelerId':'H8y5lmMVDDh36eZRtK5Ht0WvEwD2'}]"
"100 000";"3,25";"Restaurants";"30 745,371";"France";"FR";"19/02/2026";"EUR";"VND";"";"Utilisateur anonyme";"Utilisateur anonyme";"3,25";"En espèces";"";"";"";"";"Expense";"1";"false";"false";"restaurant-false-386c1f850fbd5f478fb4ef8a134c1740";"restaurant";"#009688";"payments-069b30db06d047a398f9eb0940d3279c";"payments";"#039BE5";"H8y5lmMVDDh36eZRtK5Ht0WvEwD2";"";"[{'share':100000000,'shareInHomeCurrency':3250,'forTravelerId':'H8y5lmMVDDh36eZRtK5Ht0WvEwD2'}]"
"7 000";"0,23";"Courses";"30 745,371";"France";"FR";"18/02/2026";"EUR";"VND";"";"Utilisateur anonyme";"Utilisateur anonyme";"0,23";"En espèces";"";"";"";"";"Expense";"1";"false";"false";"shopping_cart-false-7c3765bf72361083d820071fb21308a9";"shopping_cart";"#039BE5";"payments-069b30db06d047a398f9eb0940d3279c";"payments";"#039BE5";"H8y5lmMVDDh36eZRtK5Ht0WvEwD2";"";"[{'share':7000000,'shareInHomeCurrency':230,'forTravelerId':'H8y5lmMVDDh36eZRtK5Ht0WvEwD2'}]"
"75 000";"2,44";"Restaurants";"30 745,371";"France";"FR";"18/02/2026";"EUR";"VND";"";"Utilisateur anonyme";"Utilisateur anonyme";"2,44";"En espèces";"";"";"";"";"Expense";"1";"false";"false";"restaurant-false-386c1f850fbd5f478fb4ef8a134c1740";"restaurant";"#009688";"payments-069b30db06d047a398f9eb0940d3279c";"payments";"#039BE5";"H8y5lmMVDDh36eZRtK5Ht0WvEwD2";"";"[{'share':75000000,'shareInHomeCurrency':2440,'forTravelerId':'H8y5lmMVDDh36eZRtK5Ht0WvEwD2'}]"
"70 000";"2,28";"Boissons";"30 752,616";"France";"FR";"18/02/2026";"EUR";"VND";"";"Utilisateur anonyme";"Utilisateur anonyme";"2,28";"En espèces";"";"";"";"";"Expense";"1";"false";"false";"local_bar-false-0c96179df5834759b90ee5cb3834a365";"local_bar";"#673AB7";"payments-069b30db06d047a398f9eb0940d3279c";"payments";"#039BE5";"H8y5lmMVDDh36eZRtK5Ht0WvEwD2";"";"[{'share':70000000,'shareInHomeCurrency':2280,'forTravelerId':'H8y5lmMVDDh36eZRtK5Ht0WvEwD2'}]"
"18 000";"0,59";"Courses";"30 752,616";"France";"FR";"18/02/2026";"EUR";"VND";"";"Utilisateur anonyme";"Utilisateur anonyme";"0,59";"En espèces";"";"";"";"";"Expense";"1";"false";"false";"shopping_cart-false-7c3765bf72361083d820071fb21308a9";"shopping_cart";"#039BE5";"payments-069b30db06d047a398f9eb0940d3279c";"payments";"#039BE5";"H8y5lmMVDDh36eZRtK5Ht0WvEwD2";"";"[{'share':18000000,'shareInHomeCurrency':590,'forTravelerId':'H8y5lmMVDDh36eZRtK5Ht0WvEwD2'}]"
"40 000";"1,30";"Tourisme";"30 752,616";"France";"FR";"18/02/2026";"EUR";"VND";"";"Utilisateur anonyme";"Utilisateur anonyme";"1,30";"En espèces";"";"";"";"";"Expense";"1";"false";"false";"museum-false-15ef303b96502f06a5f0095002a87cf8";"museum";"#8BC34A";"payments-069b30db06d047a398f9eb0940d3279c";"payments";"#039BE5";"H8y5lmMVDDh36eZRtK5Ht0WvEwD2";"";"[{'share':40000000,'shareInHomeCurrency':1300,'forTravelerId':'H8y5lmMVDDh36eZRtK5Ht0WvEwD2'}]"
"27 000";"0,88";"Frais de change";"30 752,616";"France";"FR";"18/02/2026";"EUR";"VND";"";"Utilisateur anonyme";"Utilisateur anonyme";"0,88";"En espèces";"";"";"";"";"Expense";"1";"false";"false";"local_atm-false-38bd75550f7965937ff6c6df7dac241b";"local_atm";"#3F51B5";"payments-069b30db06d047a398f9eb0940d3279c";"payments";"#039BE5";"H8y5lmMVDDh36eZRtK5Ht0WvEwD2";"";"[{'share':27000000,'shareInHomeCurrency':880,'forTravelerId':'H8y5lmMVDDh36eZRtK5Ht0WvEwD2'}]"
"95 000";"3,09";"Restaurants";"30 752,616";"France";"FR";"17/02/2026";"EUR";"VND";"";"Utilisateur anonyme";"Utilisateur anonyme";"3,09";"En espèces";"";"";"";"";"Expense";"1";"false";"false";"restaurant-false-386c1f850fbd5f478fb4ef8a134c1740";"restaurant";"#009688";"payments-069b30db06d047a398f9eb0940d3279c";"payments";"#039BE5";"H8y5lmMVDDh36eZRtK5Ht0WvEwD2";"";"[{'share':95000000,'shareInHomeCurrency':3090,'forTravelerId':'H8y5lmMVDDh36eZRtK5Ht0WvEwD2'}]"
"49 000";"1,59";"Boissons";"30 814,685";"France";"FR";"17/02/2026";"EUR";"VND";"";"Utilisateur anonyme";"Utilisateur anonyme";"1,59";"En espèces";"";"";"";"";"Expense";"1";"false";"false";"local_bar-false-0c96179df5834759b90ee5cb3834a365";"local_bar";"#673AB7";"payments-069b30db06d047a398f9eb0940d3279c";"payments";"#039BE5";"H8y5lmMVDDh36eZRtK5Ht0WvEwD2";"";"[{'share':49000000,'shareInHomeCurrency':1590,'forTravelerId':'H8y5lmMVDDh36eZRtK5Ht0WvEwD2'}]"
"65 000";"2,11";"Restaurants";"30 814,685";"France";"FR";"17/02/2026";"EUR";"VND";"";"Utilisateur anonyme";"Utilisateur anonyme";"2,11";"En espèces";"";"";"";"";"Expense";"1";"false";"false";"restaurant-false-386c1f850fbd5f478fb4ef8a134c1740";"restaurant";"#009688";"payments-069b30db06d047a398f9eb0940d3279c";"payments";"#039BE5";"H8y5lmMVDDh36eZRtK5Ht0WvEwD2";"";"[{'share':65000000,'shareInHomeCurrency':2110,'forTravelerId':'H8y5lmMVDDh36eZRtK5Ht0WvEwD2'}]"
"14 000";"0,45";"Courses";"30 814,685";"France";"FR";"17/02/2026";"EUR";"VND";"";"Utilisateur anonyme";"Utilisateur anonyme";"0,45";"En espèces";"";"";"";"";"Expense";"1";"false";"false";"shopping_cart-false-7c3765bf72361083d820071fb21308a9";"shopping_cart";"#039BE5";"payments-069b30db06d047a398f9eb0940d3279c";"payments";"#039BE5";"H8y5lmMVDDh36eZRtK5Ht0WvEwD2";"";"[{'share':14000000,'shareInHomeCurrency':450,'forTravelerId':'H8y5lmMVDDh36eZRtK5Ht0WvEwD2'}]"
"70 000";"2,27";"Transport";"30 814,685";"France";"FR";"16/02/2026";"EUR";"VND";"";"Utilisateur anonyme";"Utilisateur anonyme";"2,27";"En espèces";"";"";"";"";"Expense";"1";"false";"false";"train-false-a600971fdd23ea1f5685d7ee01d5f5c3";"train";"#EF6C00";"payments-069b30db06d047a398f9eb0940d3279c";"payments";"#039BE5";"H8y5lmMVDDh36eZRtK5Ht0WvEwD2";"";"[{'share':70000000,'shareInHomeCurrency':2270,'forTravelerId':'H8y5lmMVDDh36eZRtK5Ht0WvEwD2'}]"
"40 000";"1,30";"Restaurants";"30 828,439";"France";"FR";"16/02/2026";"EUR";"VND";"";"Utilisateur anonyme";"Utilisateur anonyme";"1,30";"En espèces";"";"";"";"";"Expense";"1";"false";"false";"restaurant-false-386c1f850fbd5f478fb4ef8a134c1740";"restaurant";"#009688";"payments-069b30db06d047a398f9eb0940d3279c";"payments";"#039BE5";"H8y5lmMVDDh36eZRtK5Ht0WvEwD2";"";"[{'share':40000000,'shareInHomeCurrency':1300,'forTravelerId':'H8y5lmMVDDh36eZRtK5Ht0WvEwD2'}]"
"50 000";"1,62";"Activités";"30 828,439";"France";"FR";"16/02/2026";"EUR";"VND";"";"Utilisateur anonyme";"Utilisateur anonyme";"1,62";"En espèces";"";"";"";"";"Expense";"1";"false";"false";"rowing-false-d78ed35383108fb6c04c16d0a11b20fe";"rowing";"#E91E63";"payments-069b30db06d047a398f9eb0940d3279c";"payments";"#039BE5";"H8y5lmMVDDh36eZRtK5Ht0WvEwD2";"";"[{'share':50000000,'shareInHomeCurrency':1620,'forTravelerId':'H8y5lmMVDDh36eZRtK5Ht0WvEwD2'}]"
"150 000";"4,87";"Transport";"30 828,439";"France";"FR";"16/02/2026";"EUR";"VND";"";"Utilisateur anonyme";"Utilisateur anonyme";"4,87";"En espèces";"";"";"";"";"Expense";"1";"false";"false";"train-false-a600971fdd23ea1f5685d7ee01d5f5c3";"train";"#EF6C00";"payments-069b30db06d047a398f9eb0940d3279c";"payments";"#039BE5";"H8y5lmMVDDh36eZRtK5Ht0WvEwD2";"";"[{'share':150000000,'shareInHomeCurrency':4870,'forTravelerId':'H8y5lmMVDDh36eZRtK5Ht0WvEwD2'}]"
"890 000";"28,95";"Hébergements";"30 746,045";"France";"FR";"16/02/2026";"EUR";"VND";"";"Utilisateur anonyme";"Utilisateur anonyme";"28,95";"En espèces";"";"";"";"";"Expense";"4";"false";"false";"hotel-false-3e1b660a6d0b1877c3dd4a16fbb5cb5c";"hotel";"#DB4437";"payments-069b30db06d047a398f9eb0940d3279c";"payments";"#039BE5";"H8y5lmMVDDh36eZRtK5Ht0WvEwD2";"";"[{'share':890000000,'shareInHomeCurrency':28950,'forTravelerId':'H8y5lmMVDDh36eZRtK5Ht0WvEwD2'}]"
"767 000";"24,95";"Vols";"30 746,045";"France";"FR";"16/02/2026";"EUR";"VND";"";"Utilisateur anonyme";"Utilisateur anonyme";"24,95";"En espèces";"";"";"";"";"Expense";"1";"false";"false";"flight-false-504541934e46dc88caac2c0788e10519";"flight";"#4285F4";"payments-069b30db06d047a398f9eb0940d3279c";"payments";"#039BE5";"H8y5lmMVDDh36eZRtK5Ht0WvEwD2";"";"[{'share':767000000,'shareInHomeCurrency':24950,'forTravelerId':'H8y5lmMVDDh36eZRtK5Ht0WvEwD2'}]"
"35 000";"1,14";"Restaurants";"30 828,439";"France";"FR";"15/02/2026";"EUR";"VND";"";"Utilisateur anonyme";"Utilisateur anonyme";"1,14";"En espèces";"";"";"";"";"Expense";"1";"false";"false";"restaurant-false-386c1f850fbd5f478fb4ef8a134c1740";"restaurant";"#009688";"payments-069b30db06d047a398f9eb0940d3279c";"payments";"#039BE5";"H8y5lmMVDDh36eZRtK5Ht0WvEwD2";"";"[{'share':35000000,'shareInHomeCurrency':1140,'forTravelerId':'H8y5lmMVDDh36eZRtK5Ht0WvEwD2'}]"
"50 000";"1,62";"Boissons";"30 828,439";"France";"FR";"15/02/2026";"EUR";"VND";"";"Utilisateur anonyme";"Utilisateur anonyme";"1,62";"En espèces";"";"";"";"";"Expense";"1";"false";"false";"local_bar-false-0c96179df5834759b90ee5cb3834a365";"local_bar";"#673AB7";"payments-069b30db06d047a398f9eb0940d3279c";"payments";"#039BE5";"H8y5lmMVDDh36eZRtK5Ht0WvEwD2";"";"[{'share':50000000,'shareInHomeCurrency':1620,'forTravelerId':'H8y5lmMVDDh36eZRtK5Ht0WvEwD2'}]"
"125 000";"4,05";"Restaurants";"30 828,439";"France";"FR";"15/02/2026";"EUR";"VND";"";"Utilisateur anonyme";"Utilisateur anonyme";"4,05";"En espèces";"";"";"";"";"Expense";"1";"false";"false";"restaurant-false-386c1f850fbd5f478fb4ef8a134c1740";"restaurant";"#009688";"payments-069b30db06d047a398f9eb0940d3279c";"payments";"#039BE5";"H8y5lmMVDDh36eZRtK5Ht0WvEwD2";"";"[{'share':125000000,'shareInHomeCurrency':4050,'forTravelerId':'H8y5lmMVDDh36eZRtK5Ht0WvEwD2'}]"
"50 000";"1,62";"Activités";"30 828,439";"France";"FR";"15/02/2026";"EUR";"VND";"";"Utilisateur anonyme";"Utilisateur anonyme";"1,62";"En espèces";"";"";"";"";"Expense";"1";"false";"false";"rowing-false-d78ed35383108fb6c04c16d0a11b20fe";"rowing";"#E91E63";"payments-069b30db06d047a398f9eb0940d3279c";"payments";"#039BE5";"H8y5lmMVDDh36eZRtK5Ht0WvEwD2";"";"[{'share':50000000,'shareInHomeCurrency':1620,'forTravelerId':'H8y5lmMVDDh36eZRtK5Ht0WvEwD2'}]"
"145 000";"4,70";"Restaurants";"30 828,439";"France";"FR";"14/02/2026";"EUR";"VND";"";"Utilisateur anonyme";"Utilisateur anonyme";"4,70";"En espèces";"";"";"";"";"Expense";"1";"false";"false";"restaurant-false-386c1f850fbd5f478fb4ef8a134c1740";"restaurant";"#009688";"payments-069b30db06d047a398f9eb0940d3279c";"payments";"#039BE5";"H8y5lmMVDDh36eZRtK5Ht0WvEwD2";"";"[{'share':145000000,'shareInHomeCurrency':4700,'forTravelerId':'H8y5lmMVDDh36eZRtK5Ht0WvEwD2'}]"
"70 000";"2,27";"Restaurants";"30 802,879";"France";"FR";"14/02/2026";"EUR";"VND";"";"Utilisateur anonyme";"Utilisateur anonyme";"2,27";"En espèces";"";"";"";"";"Expense";"1";"false";"false";"restaurant-false-386c1f850fbd5f478fb4ef8a134c1740";"restaurant";"#009688";"payments-069b30db06d047a398f9eb0940d3279c";"payments";"#039BE5";"H8y5lmMVDDh36eZRtK5Ht0WvEwD2";"";"[{'share':70000000,'shareInHomeCurrency':2270,'forTravelerId':'H8y5lmMVDDh36eZRtK5Ht0WvEwD2'}]"
"55 000";"1,79";"Restaurants";"30 802,879";"France";"FR";"13/02/2026";"EUR";"VND";"";"Utilisateur anonyme";"Utilisateur anonyme";"1,79";"En espèces";"";"";"";"";"Expense";"1";"false";"false";"restaurant-false-386c1f850fbd5f478fb4ef8a134c1740";"restaurant";"#009688";"payments-069b30db06d047a398f9eb0940d3279c";"payments";"#039BE5";"H8y5lmMVDDh36eZRtK5Ht0WvEwD2";"";"[{'share':55000000,'shareInHomeCurrency':1790,'forTravelerId':'H8y5lmMVDDh36eZRtK5Ht0WvEwD2'}]"
"40 000";"1,30";"Restaurants";"30 833,917";"France";"FR";"13/02/2026";"EUR";"VND";"";"Utilisateur anonyme";"Utilisateur anonyme";"1,30";"En espèces";"";"";"";"";"Expense";"1";"false";"false";"restaurant-false-386c1f850fbd5f478fb4ef8a134c1740";"restaurant";"#009688";"payments-069b30db06d047a398f9eb0940d3279c";"payments";"#039BE5";"H8y5lmMVDDh36eZRtK5Ht0WvEwD2";"";"[{'share':40000000,'shareInHomeCurrency':1300,'forTravelerId':'H8y5lmMVDDh36eZRtK5Ht0WvEwD2'}]"
"50 000";"1,62";"Activités";"30 833,917";"France";"FR";"13/02/2026";"EUR";"VND";"";"Utilisateur anonyme";"Utilisateur anonyme";"1,62";"En espèces";"";"";"";"";"Expense";"1";"false";"false";"rowing-false-d78ed35383108fb6c04c16d0a11b20fe";"rowing";"#E91E63";"payments-069b30db06d047a398f9eb0940d3279c";"payments";"#039BE5";"H8y5lmMVDDh36eZRtK5Ht0WvEwD2";"";"[{'share':50000000,'shareInHomeCurrency':1620,'forTravelerId':'H8y5lmMVDDh36eZRtK5Ht0WvEwD2'}]"
"450 000";"14,52";"Activités";"30 985,654";"France";"FR";"13/02/2026";"EUR";"VND";"";"Utilisateur anonyme";"Utilisateur anonyme";"14,52";"En espèces";"";"";"";"";"Expense";"1";"false";"false";"rowing-false-d78ed35383108fb6c04c16d0a11b20fe";"rowing";"#E91E63";"payments-069b30db06d047a398f9eb0940d3279c";"payments";"#039BE5";"H8y5lmMVDDh36eZRtK5Ht0WvEwD2";"";"[{'share':450000000,'shareInHomeCurrency':14520,'forTravelerId':'H8y5lmMVDDh36eZRtK5Ht0WvEwD2'}]"
"35 000";"1,13";"Blanchisserie";"30 985,654";"France";"FR";"12/02/2026";"EUR";"VND";"";"Utilisateur anonyme";"Utilisateur anonyme";"1,13";"En espèces";"";"";"";"";"Expense";"1";"false";"false";"local_laundry_service-false-51f0cc41f89738b2c779ae8e61e45adf";"local_laundry_service";"#0097A7";"payments-069b30db06d047a398f9eb0940d3279c";"payments";"#039BE5";"H8y5lmMVDDh36eZRtK5Ht0WvEwD2";"";"[{'share':35000000,'shareInHomeCurrency':1130,'forTravelerId':'H8y5lmMVDDh36eZRtK5Ht0WvEwD2'}]"
"50 000";"1,61";"Activités";"30 985,654";"France";"FR";"12/02/2026";"EUR";"VND";"";"Utilisateur anonyme";"Utilisateur anonyme";"1,61";"En espèces";"";"";"";"";"Expense";"1";"false";"false";"rowing-false-d78ed35383108fb6c04c16d0a11b20fe";"rowing";"#E91E63";"payments-069b30db06d047a398f9eb0940d3279c";"payments";"#039BE5";"H8y5lmMVDDh36eZRtK5Ht0WvEwD2";"";"[{'share':50000000,'shareInHomeCurrency':1610,'forTravelerId':'H8y5lmMVDDh36eZRtK5Ht0WvEwD2'}]"
"37 000";"1,19";"Restaurants";"30 985,654";"France";"FR";"12/02/2026";"EUR";"VND";"";"Utilisateur anonyme";"Utilisateur anonyme";"1,19";"En espèces";"";"";"";"";"Expense";"1";"false";"false";"restaurant-false-386c1f850fbd5f478fb4ef8a134c1740";"restaurant";"#009688";"payments-069b30db06d047a398f9eb0940d3279c";"payments";"#039BE5";"H8y5lmMVDDh36eZRtK5Ht0WvEwD2";"";"[{'share':37000000,'shareInHomeCurrency':1190,'forTravelerId':'H8y5lmMVDDh36eZRtK5Ht0WvEwD2'}]"
"50 000";"1,61";"Activités";"30 985,654";"France";"FR";"12/02/2026";"EUR";"VND";"";"Utilisateur anonyme";"Utilisateur anonyme";"1,61";"En espèces";"";"";"";"";"Expense";"1";"false";"false";"rowing-false-d78ed35383108fb6c04c16d0a11b20fe";"rowing";"#E91E63";"payments-069b30db06d047a398f9eb0940d3279c";"payments";"#039BE5";"H8y5lmMVDDh36eZRtK5Ht0WvEwD2";"";"[{'share':50000000,'shareInHomeCurrency':1610,'forTravelerId':'H8y5lmMVDDh36eZRtK5Ht0WvEwD2'}]"
"35 000";"1,13";"Restaurants";"30 985,654";"France";"FR";"11/02/2026";"EUR";"VND";"";"Utilisateur anonyme";"Utilisateur anonyme";"1,13";"En espèces";"";"";"";"";"Expense";"1";"false";"false";"restaurant-false-386c1f850fbd5f478fb4ef8a134c1740";"restaurant";"#009688";"payments-069b30db06d047a398f9eb0940d3279c";"payments";"#039BE5";"H8y5lmMVDDh36eZRtK5Ht0WvEwD2";"";"[{'share':35000000,'shareInHomeCurrency':1130,'forTravelerId':'H8y5lmMVDDh36eZRtK5Ht0WvEwD2'}]"
"37 000";"1,20";"Restaurants";"30 840,659";"France";"FR";"11/02/2026";"EUR";"VND";"";"Utilisateur anonyme";"Utilisateur anonyme";"1,20";"En espèces";"";"";"";"";"Expense";"1";"false";"false";"restaurant-false-386c1f850fbd5f478fb4ef8a134c1740";"restaurant";"#009688";"payments-069b30db06d047a398f9eb0940d3279c";"payments";"#039BE5";"H8y5lmMVDDh36eZRtK5Ht0WvEwD2";"";"[{'share':37000000,'shareInHomeCurrency':1200,'forTravelerId':'H8y5lmMVDDh36eZRtK5Ht0WvEwD2'}]"
"40 000";"1,30";"Tourisme";"30 840,659";"France";"FR";"11/02/2026";"EUR";"VND";"";"Utilisateur anonyme";"Utilisateur anonyme";"1,30";"En espèces";"";"";"";"";"Expense";"1";"false";"false";"museum-false-15ef303b96502f06a5f0095002a87cf8";"museum";"#8BC34A";"payments-069b30db06d047a398f9eb0940d3279c";"payments";"#039BE5";"H8y5lmMVDDh36eZRtK5Ht0WvEwD2";"";"[{'share':40000000,'shareInHomeCurrency':1300,'forTravelerId':'H8y5lmMVDDh36eZRtK5Ht0WvEwD2'}]"
"300 000";"9,76";"Tourisme";"30 746,045";"France";"FR";"11/02/2026";"EUR";"VND";"";"Utilisateur anonyme";"Utilisateur anonyme";"9,76";"En espèces";"";"";"";"";"Expense";"1";"false";"false";"museum-false-15ef303b96502f06a5f0095002a87cf8";"museum";"#8BC34A";"payments-069b30db06d047a398f9eb0940d3279c";"payments";"#039BE5";"H8y5lmMVDDh36eZRtK5Ht0WvEwD2";"";"[{'share':300000000,'shareInHomeCurrency':9760,'forTravelerId':'H8y5lmMVDDh36eZRtK5Ht0WvEwD2'}]"
"1 600 000";"52,04";"Hébergements";"30 746,045";"France";"FR";"11/02/2026";"EUR";"VND";"";"Utilisateur anonyme";"Utilisateur anonyme";"52,04";"En espèces";"";"";"";"";"Expense";"5";"false";"false";"hotel-false-3e1b660a6d0b1877c3dd4a16fbb5cb5c";"hotel";"#DB4437";"payments-069b30db06d047a398f9eb0940d3279c";"payments";"#039BE5";"H8y5lmMVDDh36eZRtK5Ht0WvEwD2";"";"[{'share':1600000000,'shareInHomeCurrency':52040,'forTravelerId':'H8y5lmMVDDh36eZRtK5Ht0WvEwD2'}]"
"12 000";"0,39";"Courses";"30 840,659";"France";"FR";"10/02/2026";"EUR";"VND";"";"Utilisateur anonyme";"Utilisateur anonyme";"0,39";"En espèces";"";"";"";"";"Expense";"1";"false";"false";"shopping_cart-false-7c3765bf72361083d820071fb21308a9";"shopping_cart";"#039BE5";"payments-069b30db06d047a398f9eb0940d3279c";"payments";"#039BE5";"H8y5lmMVDDh36eZRtK5Ht0WvEwD2";"";"[{'share':12000000,'shareInHomeCurrency':390,'forTravelerId':'H8y5lmMVDDh36eZRtK5Ht0WvEwD2'}]"
"154 000";"4,99";"Frais de change";"30 840,659";"France";"FR";"10/02/2026";"EUR";"VND";"";"Utilisateur anonyme";"Utilisateur anonyme";"4,99";"En espèces";"";"";"";"";"Expense";"1";"false";"false";"local_atm-false-38bd75550f7965937ff6c6df7dac241b";"local_atm";"#3F51B5";"payments-069b30db06d047a398f9eb0940d3279c";"payments";"#039BE5";"H8y5lmMVDDh36eZRtK5Ht0WvEwD2";"";"[{'share':154000000,'shareInHomeCurrency':4990,'forTravelerId':'H8y5lmMVDDh36eZRtK5Ht0WvEwD2'}]"
"68 000";"2,21";"Restaurants";"30 746,045";"France";"FR";"10/02/2026";"EUR";"VND";"";"Utilisateur anonyme";"Utilisateur anonyme";"2,21";"En espèces";"";"";"";"";"Expense";"1";"false";"false";"restaurant-false-386c1f850fbd5f478fb4ef8a134c1740";"restaurant";"#009688";"payments-069b30db06d047a398f9eb0940d3279c";"payments";"#039BE5";"H8y5lmMVDDh36eZRtK5Ht0WvEwD2";"";"[{'share':68000000,'shareInHomeCurrency':2210,'forTravelerId':'H8y5lmMVDDh36eZRtK5Ht0WvEwD2'}]"
"40 000";"1,30";"Restaurants";"30 746,045";"France";"FR";"10/02/2026";"EUR";"VND";"";"Utilisateur anonyme";"Utilisateur anonyme";"1,30";"En espèces";"";"";"";"";"Expense";"1";"false";"false";"restaurant-false-386c1f850fbd5f478fb4ef8a134c1740";"restaurant";"#009688";"payments-069b30db06d047a398f9eb0940d3279c";"payments";"#039BE5";"H8y5lmMVDDh36eZRtK5Ht0WvEwD2";"";"[{'share':40000000,'shareInHomeCurrency':1300,'forTravelerId':'H8y5lmMVDDh36eZRtK5Ht0WvEwD2'}]"
"480 000";"15,61";"Tourisme";"30 746,045";"France";"FR";"10/02/2026";"EUR";"VND";"";"Utilisateur anonyme";"Utilisateur anonyme";"15,61";"En espèces";"";"";"";"";"Expense";"1";"false";"false";"museum-false-15ef303b96502f06a5f0095002a87cf8";"museum";"#8BC34A";"payments-069b30db06d047a398f9eb0940d3279c";"payments";"#039BE5";"H8y5lmMVDDh36eZRtK5Ht0WvEwD2";"";"[{'share':480000000,'shareInHomeCurrency':15610,'forTravelerId':'H8y5lmMVDDh36eZRtK5Ht0WvEwD2'}]"
"170 000";"5,53";"Restaurants";"30 746,045";"France";"FR";"09/02/2026";"EUR";"VND";"";"Utilisateur anonyme";"Utilisateur anonyme";"5,53";"En espèces";"";"";"";"";"Expense";"1";"false";"false";"restaurant-false-386c1f850fbd5f478fb4ef8a134c1740";"restaurant";"#009688";"payments-069b30db06d047a398f9eb0940d3279c";"payments";"#039BE5";"H8y5lmMVDDh36eZRtK5Ht0WvEwD2";"";"[{'share':170000000,'shareInHomeCurrency':5530,'forTravelerId':'H8y5lmMVDDh36eZRtK5Ht0WvEwD2'}]"
"115 000";"3,75";"Transport";"30 666,364";"France";"FR";"09/02/2026";"EUR";"VND";"";"Utilisateur anonyme";"Utilisateur anonyme";"3,75";"En espèces";"";"";"";"";"Expense";"1";"false";"false";"train-false-a600971fdd23ea1f5685d7ee01d5f5c3";"train";"#EF6C00";"payments-069b30db06d047a398f9eb0940d3279c";"payments";"#039BE5";"H8y5lmMVDDh36eZRtK5Ht0WvEwD2";"";"[{'share':115000000,'shareInHomeCurrency':3750,'forTravelerId':'H8y5lmMVDDh36eZRtK5Ht0WvEwD2'}]"
"150 000";"4,89";"Tourisme";"30 666,364";"France";"FR";"09/02/2026";"EUR";"VND";"";"Utilisateur anonyme";"Utilisateur anonyme";"4,89";"En espèces";"";"";"";"";"Expense";"1";"false";"false";"museum-false-15ef303b96502f06a5f0095002a87cf8";"museum";"#8BC34A";"payments-069b30db06d047a398f9eb0940d3279c";"payments";"#039BE5";"H8y5lmMVDDh36eZRtK5Ht0WvEwD2";"";"[{'share':150000000,'shareInHomeCurrency':4890,'forTravelerId':'H8y5lmMVDDh36eZRtK5Ht0WvEwD2'}]"
"40 000";"1,30";"Courses";"30 666,364";"France";"FR";"09/02/2026";"EUR";"VND";"";"Utilisateur anonyme";"Utilisateur anonyme";"1,30";"En espèces";"";"";"";"";"Expense";"1";"false";"false";"shopping_cart-false-7c3765bf72361083d820071fb21308a9";"shopping_cart";"#039BE5";"payments-069b30db06d047a398f9eb0940d3279c";"payments";"#039BE5";"H8y5lmMVDDh36eZRtK5Ht0WvEwD2";"";"[{'share':40000000,'shareInHomeCurrency':1300,'forTravelerId':'H8y5lmMVDDh36eZRtK5Ht0WvEwD2'}]"
"20 000";"0,65";"Restaurants";"30 666,364";"France";"FR";"09/02/2026";"EUR";"VND";"";"Utilisateur anonyme";"Utilisateur anonyme";"0,65";"En espèces";"";"";"";"";"Expense";"1";"false";"false";"restaurant-false-386c1f850fbd5f478fb4ef8a134c1740";"restaurant";"#009688";"payments-069b30db06d047a398f9eb0940d3279c";"payments";"#039BE5";"H8y5lmMVDDh36eZRtK5Ht0WvEwD2";"";"[{'share':20000000,'shareInHomeCurrency':650,'forTravelerId':'H8y5lmMVDDh36eZRtK5Ht0WvEwD2'}]"
"200 000";"6,52";"Tourisme";"30 666,364";"France";"FR";"09/02/2026";"EUR";"VND";"";"Utilisateur anonyme";"Utilisateur anonyme";"6,52";"En espèces";"";"";"";"";"Expense";"1";"false";"false";"museum-false-15ef303b96502f06a5f0095002a87cf8";"museum";"#8BC34A";"payments-069b30db06d047a398f9eb0940d3279c";"payments";"#039BE5";"H8y5lmMVDDh36eZRtK5Ht0WvEwD2";"";"[{'share':200000000,'shareInHomeCurrency':6520,'forTravelerId':'H8y5lmMVDDh36eZRtK5Ht0WvEwD2'}]"
"55 000";"1,79";"Frais de change";"30 666,364";"France";"FR";"09/02/2026";"EUR";"VND";"";"Utilisateur anonyme";"Utilisateur anonyme";"1,79";"En espèces";"";"";"";"";"Expense";"1";"false";"false";"local_atm-false-38bd75550f7965937ff6c6df7dac241b";"local_atm";"#3F51B5";"payments-069b30db06d047a398f9eb0940d3279c";"payments";"#039BE5";"H8y5lmMVDDh36eZRtK5Ht0WvEwD2";"";"[{'share':55000000,'shareInHomeCurrency':1790,'forTravelerId':'H8y5lmMVDDh36eZRtK5Ht0WvEwD2'}]"
"18 000";"0,59";"Courses";"30 666,364";"France";"FR";"09/02/2026";"EUR";"VND";"";"Utilisateur anonyme";"Utilisateur anonyme";"0,59";"En espèces";"";"";"";"";"Expense";"1";"false";"false";"shopping_cart-false-7c3765bf72361083d820071fb21308a9";"shopping_cart";"#039BE5";"payments-069b30db06d047a398f9eb0940d3279c";"payments";"#039BE5";"H8y5lmMVDDh36eZRtK5Ht0WvEwD2";"";"[{'share':18000000,'shareInHomeCurrency':590,'forTravelerId':'H8y5lmMVDDh36eZRtK5Ht0WvEwD2'}]"
"302 000";"9,85";"Hébergements";"30 666,364";"France";"FR";"09/02/2026";"EUR";"VND";"";"Utilisateur anonyme";"Utilisateur anonyme";"9,85";"En espèces";"";"";"";"";"Expense";"2";"false";"false";"hotel-false-3e1b660a6d0b1877c3dd4a16fbb5cb5c";"hotel";"#DB4437";"payments-069b30db06d047a398f9eb0940d3279c";"payments";"#039BE5";"H8y5lmMVDDh36eZRtK5Ht0WvEwD2";"";"[{'share':302000000,'shareInHomeCurrency':9850,'forTravelerId':'H8y5lmMVDDh36eZRtK5Ht0WvEwD2'}]"
"60 000";"1,96";"Restaurants";"30 666,364";"France";"FR";"08/02/2026";"EUR";"VND";"";"Utilisateur anonyme";"Utilisateur anonyme";"1,96";"En espèces";"";"";"";"";"Expense";"1";"false";"false";"restaurant-false-386c1f850fbd5f478fb4ef8a134c1740";"restaurant";"#009688";"payments-069b30db06d047a398f9eb0940d3279c";"payments";"#039BE5";"H8y5lmMVDDh36eZRtK5Ht0WvEwD2";"";"[{'share':60000000,'shareInHomeCurrency':1960,'forTravelerId':'H8y5lmMVDDh36eZRtK5Ht0WvEwD2'}]"
"15 000";"0,49";"Boissons";"30 666,364";"France";"FR";"08/02/2026";"EUR";"VND";"";"Utilisateur anonyme";"Utilisateur anonyme";"0,49";"En espèces";"";"";"";"";"Expense";"1";"false";"false";"local_bar-false-0c96179df5834759b90ee5cb3834a365";"local_bar";"#673AB7";"payments-069b30db06d047a398f9eb0940d3279c";"payments";"#039BE5";"H8y5lmMVDDh36eZRtK5Ht0WvEwD2";"";"[{'share':15000000,'shareInHomeCurrency':490,'forTravelerId':'H8y5lmMVDDh36eZRtK5Ht0WvEwD2'}]"
"60 000";"1,96";"Restaurants";"30 666,364";"France";"FR";"08/02/2026";"EUR";"VND";"";"Utilisateur anonyme";"Utilisateur anonyme";"1,96";"En espèces";"";"";"";"";"Expense";"1";"false";"false";"restaurant-false-386c1f850fbd5f478fb4ef8a134c1740";"restaurant";"#009688";"payments-069b30db06d047a398f9eb0940d3279c";"payments";"#039BE5";"H8y5lmMVDDh36eZRtK5Ht0WvEwD2";"";"[{'share':60000000,'shareInHomeCurrency':1960,'forTravelerId':'H8y5lmMVDDh36eZRtK5Ht0WvEwD2'}]"
"20 000";"0,65";"Tourisme";"30 666,364";"France";"FR";"08/02/2026";"EUR";"VND";"";"Utilisateur anonyme";"Utilisateur anonyme";"0,65";"En espèces";"";"";"";"";"Expense";"1";"false";"false";"museum-false-15ef303b96502f06a5f0095002a87cf8";"museum";"#8BC34A";"payments-069b30db06d047a398f9eb0940d3279c";"payments";"#039BE5";"H8y5lmMVDDh36eZRtK5Ht0WvEwD2";"";"[{'share':20000000,'shareInHomeCurrency':650,'forTravelerId':'H8y5lmMVDDh36eZRtK5Ht0WvEwD2'}]"
"27 000";"0,88";"Frais & Charges";"30 666,364";"France";"FR";"08/02/2026";"EUR";"VND";"";"Utilisateur anonyme";"Utilisateur anonyme";"0,88";"En espèces";"";"";"";"";"Expense";"1";"false";"false";"monetization_on-false-032772a5c2c6ac2f128ca6c7fb009e0c";"monetization_on";"#9C27B0";"payments-069b30db06d047a398f9eb0940d3279c";"payments";"#039BE5";"H8y5lmMVDDh36eZRtK5Ht0WvEwD2";"";"[{'share':27000000,'shareInHomeCurrency':880,'forTravelerId':'H8y5lmMVDDh36eZRtK5Ht0WvEwD2'}]"
"550 000";"17,93";"Transport";"30 666,364";"France";"FR";"08/02/2026";"EUR";"VND";"";"Utilisateur anonyme";"Utilisateur anonyme";"17,93";"En espèces";"";"";"";"";"Expense";"1";"false";"false";"train-false-a600971fdd23ea1f5685d7ee01d5f5c3";"train";"#EF6C00";"payments-069b30db06d047a398f9eb0940d3279c";"payments";"#039BE5";"H8y5lmMVDDh36eZRtK5Ht0WvEwD2";"";"[{'share':550000000,'shareInHomeCurrency':17930,'forTravelerId':'H8y5lmMVDDh36eZRtK5Ht0WvEwD2'}]"
"82 000";"2,67";"Restaurants";"30 666,364";"France";"FR";"07/02/2026";"EUR";"VND";"";"Utilisateur anonyme";"Utilisateur anonyme";"2,67";"En espèces";"";"";"";"";"Expense";"1";"false";"false";"restaurant-false-386c1f850fbd5f478fb4ef8a134c1740";"restaurant";"#009688";"payments-069b30db06d047a398f9eb0940d3279c";"payments";"#039BE5";"H8y5lmMVDDh36eZRtK5Ht0WvEwD2";"";"[{'share':82000000,'shareInHomeCurrency':2670,'forTravelerId':'H8y5lmMVDDh36eZRtK5Ht0WvEwD2'}]"
"40 000";"1,31";"Boissons";"30 630,147";"France";"FR";"07/02/2026";"EUR";"VND";"";"Utilisateur anonyme";"Utilisateur anonyme";"1,31";"En espèces";"";"";"";"";"Expense";"1";"false";"false";"local_bar-false-0c96179df5834759b90ee5cb3834a365";"local_bar";"#673AB7";"payments-069b30db06d047a398f9eb0940d3279c";"payments";"#039BE5";"H8y5lmMVDDh36eZRtK5Ht0WvEwD2";"";"[{'share':40000000,'shareInHomeCurrency':1310,'forTravelerId':'H8y5lmMVDDh36eZRtK5Ht0WvEwD2'}]"
"140 000";"4,57";"Hébergements";"30 607,314";"France";"FR";"07/02/2026";"EUR";"VND";"";"Utilisateur anonyme";"Utilisateur anonyme";"4,57";"En espèces";"";"";"";"";"Expense";"1";"false";"false";"hotel-false-3e1b660a6d0b1877c3dd4a16fbb5cb5c";"hotel";"#DB4437";"payments-069b30db06d047a398f9eb0940d3279c";"payments";"#039BE5";"H8y5lmMVDDh36eZRtK5Ht0WvEwD2";"";"[{'share':140000000,'shareInHomeCurrency':4570,'forTravelerId':'H8y5lmMVDDh36eZRtK5Ht0WvEwD2'}]"
"350 000";"11,44";"Transport";"30 607,314";"France";"FR";"07/02/2026";"EUR";"VND";"";"Utilisateur anonyme";"Utilisateur anonyme";"11,44";"En espèces";"";"";"";"";"Expense";"1";"false";"false";"train-false-a600971fdd23ea1f5685d7ee01d5f5c3";"train";"#EF6C00";"payments-069b30db06d047a398f9eb0940d3279c";"payments";"#039BE5";"H8y5lmMVDDh36eZRtK5Ht0WvEwD2";"";"[{'share':350000000,'shareInHomeCurrency':11440,'forTravelerId':'H8y5lmMVDDh36eZRtK5Ht0WvEwD2'}]"
"50 000";"1,63";"Restaurants";"30 630,147";"France";"FR";"06/02/2026";"EUR";"VND";"";"Utilisateur anonyme";"Utilisateur anonyme";"1,63";"En espèces";"";"";"";"";"Expense";"1";"false";"false";"restaurant-false-386c1f850fbd5f478fb4ef8a134c1740";"restaurant";"#009688";"payments-069b30db06d047a398f9eb0940d3279c";"payments";"#039BE5";"H8y5lmMVDDh36eZRtK5Ht0WvEwD2";"";"[{'share':50000000,'shareInHomeCurrency':1630,'forTravelerId':'H8y5lmMVDDh36eZRtK5Ht0WvEwD2'}]"
"50 000";"1,63";"Restaurants";"30 607,314";"France";"FR";"06/02/2026";"EUR";"VND";"";"Utilisateur anonyme";"Utilisateur anonyme";"1,63";"En espèces";"";"";"";"";"Expense";"1";"false";"false";"restaurant-false-386c1f850fbd5f478fb4ef8a134c1740";"restaurant";"#009688";"payments-069b30db06d047a398f9eb0940d3279c";"payments";"#039BE5";"H8y5lmMVDDh36eZRtK5Ht0WvEwD2";"";"[{'share':50000000,'shareInHomeCurrency':1630,'forTravelerId':'H8y5lmMVDDh36eZRtK5Ht0WvEwD2'}]"
"20 000";"0,65";"Boissons";"30 607,314";"France";"FR";"06/02/2026";"EUR";"VND";"";"Utilisateur anonyme";"Utilisateur anonyme";"0,65";"En espèces";"";"";"";"";"Expense";"1";"false";"false";"local_bar-false-0c96179df5834759b90ee5cb3834a365";"local_bar";"#673AB7";"payments-069b30db06d047a398f9eb0940d3279c";"payments";"#039BE5";"H8y5lmMVDDh36eZRtK5Ht0WvEwD2";"";"[{'share':20000000,'shareInHomeCurrency':650,'forTravelerId':'H8y5lmMVDDh36eZRtK5Ht0WvEwD2'}]"
"60 000";"1,96";"Restaurants";"30 607,314";"France";"FR";"05/02/2026";"EUR";"VND";"";"Utilisateur anonyme";"Utilisateur anonyme";"1,96";"En espèces";"";"";"";"";"Expense";"1";"false";"false";"restaurant-false-386c1f850fbd5f478fb4ef8a134c1740";"restaurant";"#009688";"payments-069b30db06d047a398f9eb0940d3279c";"payments";"#039BE5";"H8y5lmMVDDh36eZRtK5Ht0WvEwD2";"";"[{'share':60000000,'shareInHomeCurrency':1960,'forTravelerId':'H8y5lmMVDDh36eZRtK5Ht0WvEwD2'}]"
"50 000";"1,63";"Restaurants";"30 607,314";"France";"FR";"05/02/2026";"EUR";"VND";"";"Utilisateur anonyme";"Utilisateur anonyme";"1,63";"En espèces";"";"";"";"";"Expense";"1";"false";"false";"restaurant-false-386c1f850fbd5f478fb4ef8a134c1740";"restaurant";"#009688";"payments-069b30db06d047a398f9eb0940d3279c";"payments";"#039BE5";"H8y5lmMVDDh36eZRtK5Ht0WvEwD2";"";"[{'share':50000000,'shareInHomeCurrency':1630,'forTravelerId':'H8y5lmMVDDh36eZRtK5Ht0WvEwD2'}]"
"400 000";"13,04";"Hébergements";"30 673,226";"France";"FR";"05/02/2026";"EUR";"VND";"";"Utilisateur anonyme";"Utilisateur anonyme";"13,04";"En espèces";"";"";"";"";"Expense";"2";"false";"false";"hotel-false-3e1b660a6d0b1877c3dd4a16fbb5cb5c";"hotel";"#DB4437";"payments-069b30db06d047a398f9eb0940d3279c";"payments";"#039BE5";"H8y5lmMVDDh36eZRtK5Ht0WvEwD2";"";"[{'share':400000000,'shareInHomeCurrency':13040,'forTravelerId':'H8y5lmMVDDh36eZRtK5Ht0WvEwD2'}]"
"420 000";"13,69";"Transport";"30 673,226";"France";"FR";"05/02/2026";"EUR";"VND";"";"Utilisateur anonyme";"Utilisateur anonyme";"13,69";"Carte de crédit";"";"";"";"";"Expense";"1";"false";"false";"train-false-a600971fdd23ea1f5685d7ee01d5f5c3";"train";"#EF6C00";"credit_card-73a61696f100b3858511e212a3feea6b";"credit_card";"#FFB300";"H8y5lmMVDDh36eZRtK5Ht0WvEwD2";"";"[{'share':420000000,'shareInHomeCurrency':13690,'forTravelerId':'H8y5lmMVDDh36eZRtK5Ht0WvEwD2'}]"
"42 000";"1,37";"Blanchisserie";"30 697,795";"France";"FR";"04/02/2026";"EUR";"VND";"";"Utilisateur anonyme";"Utilisateur anonyme";"1,37";"En espèces";"";"";"";"";"Expense";"1";"false";"false";"local_laundry_service-false-51f0cc41f89738b2c779ae8e61e45adf";"local_laundry_service";"#0097A7";"payments-069b30db06d047a398f9eb0940d3279c";"payments";"#039BE5";"H8y5lmMVDDh36eZRtK5Ht0WvEwD2";"";"[{'share':42000000,'shareInHomeCurrency':1370,'forTravelerId':'H8y5lmMVDDh36eZRtK5Ht0WvEwD2'}]"
"150 000";"4,89";"Restaurants";"30 673,226";"France";"FR";"04/02/2026";"EUR";"VND";"";"Utilisateur anonyme";"Utilisateur anonyme";"4,89";"En espèces";"";"";"";"";"Expense";"1";"false";"false";"restaurant-false-386c1f850fbd5f478fb4ef8a134c1740";"restaurant";"#009688";"payments-069b30db06d047a398f9eb0940d3279c";"payments";"#039BE5";"H8y5lmMVDDh36eZRtK5Ht0WvEwD2";"";"[{'share':150000000,'shareInHomeCurrency':4890,'forTravelerId':'H8y5lmMVDDh36eZRtK5Ht0WvEwD2'}]"
"51 500";"1,68";"Boissons";"30 673,226";"France";"FR";"04/02/2026";"EUR";"VND";"";"Utilisateur anonyme";"Utilisateur anonyme";"1,68";"Carte de crédit";"";"";"";"";"Expense";"1";"false";"false";"local_bar-false-0c96179df5834759b90ee5cb3834a365";"local_bar";"#673AB7";"credit_card-73a61696f100b3858511e212a3feea6b";"credit_card";"#FFB300";"H8y5lmMVDDh36eZRtK5Ht0WvEwD2";"";"[{'share':51500000,'shareInHomeCurrency':1680,'forTravelerId':'H8y5lmMVDDh36eZRtK5Ht0WvEwD2'}]"
"150 000";"4,86";"Hébergements";"30 886,289";"France";"FR";"04/02/2026";"EUR";"VND";"";"Utilisateur anonyme";"Utilisateur anonyme";"4,86";"En espèces";"";"";"";"";"Expense";"1";"false";"false";"hotel-false-3e1b660a6d0b1877c3dd4a16fbb5cb5c";"hotel";"#DB4437";"payments-069b30db06d047a398f9eb0940d3279c";"payments";"#039BE5";"H8y5lmMVDDh36eZRtK5Ht0WvEwD2";"";"[{'share':150000000,'shareInHomeCurrency':4860,'forTravelerId':'H8y5lmMVDDh36eZRtK5Ht0WvEwD2'}]"
"60 000";"1,94";"Restaurants";"30 886,289";"France";"FR";"03/02/2026";"EUR";"VND";"";"Utilisateur anonyme";"Utilisateur anonyme";"1,94";"En espèces";"";"";"";"";"Expense";"1";"false";"false";"restaurant-false-386c1f850fbd5f478fb4ef8a134c1740";"restaurant";"#009688";"payments-069b30db06d047a398f9eb0940d3279c";"payments";"#039BE5";"H8y5lmMVDDh36eZRtK5Ht0WvEwD2";"";"[{'share':60000000,'shareInHomeCurrency':1940,'forTravelerId':'H8y5lmMVDDh36eZRtK5Ht0WvEwD2'}]"
"15 000";"0,49";"Boissons";"30 886,289";"France";"FR";"03/02/2026";"EUR";"VND";"";"Utilisateur anonyme";"Utilisateur anonyme";"0,49";"En espèces";"";"";"";"";"Expense";"1";"false";"false";"local_bar-false-0c96179df5834759b90ee5cb3834a365";"local_bar";"#673AB7";"payments-069b30db06d047a398f9eb0940d3279c";"payments";"#039BE5";"H8y5lmMVDDh36eZRtK5Ht0WvEwD2";"";"[{'share':15000000,'shareInHomeCurrency':490,'forTravelerId':'H8y5lmMVDDh36eZRtK5Ht0WvEwD2'}]"
"80 000";"2,59";"Restaurants";"30 886,289";"France";"FR";"03/02/2026";"EUR";"VND";"";"Utilisateur anonyme";"Utilisateur anonyme";"2,59";"En espèces";"";"";"";"";"Expense";"1";"false";"false";"restaurant-false-386c1f850fbd5f478fb4ef8a134c1740";"restaurant";"#009688";"payments-069b30db06d047a398f9eb0940d3279c";"payments";"#039BE5";"H8y5lmMVDDh36eZRtK5Ht0WvEwD2";"";"[{'share':80000000,'shareInHomeCurrency':2590,'forTravelerId':'H8y5lmMVDDh36eZRtK5Ht0WvEwD2'}]"
"50 000";"1,62";"Restaurants";"30 886,289";"France";"FR";"02/02/2026";"EUR";"VND";"";"Utilisateur anonyme";"Utilisateur anonyme";"1,62";"En espèces";"";"";"";"";"Expense";"1";"false";"false";"restaurant-false-386c1f850fbd5f478fb4ef8a134c1740";"restaurant";"#009688";"payments-069b30db06d047a398f9eb0940d3279c";"payments";"#039BE5";"H8y5lmMVDDh36eZRtK5Ht0WvEwD2";"";"[{'share':50000000,'shareInHomeCurrency':1620,'forTravelerId':'H8y5lmMVDDh36eZRtK5Ht0WvEwD2'}]"
"50 000";"1,62";"Transport";"30 886,289";"France";"FR";"02/02/2026";"EUR";"VND";"";"Utilisateur anonyme";"Utilisateur anonyme";"1,62";"En espèces";"";"";"";"";"Expense";"1";"false";"false";"train-false-a600971fdd23ea1f5685d7ee01d5f5c3";"train";"#EF6C00";"payments-069b30db06d047a398f9eb0940d3279c";"payments";"#039BE5";"H8y5lmMVDDh36eZRtK5Ht0WvEwD2";"";"[{'share':50000000,'shareInHomeCurrency':1620,'forTravelerId':'H8y5lmMVDDh36eZRtK5Ht0WvEwD2'}]"
"30 000";"0,98";"Tourisme";"30 749,024";"France";"FR";"02/02/2026";"EUR";"VND";"";"Utilisateur anonyme";"Utilisateur anonyme";"0,98";"En espèces";"";"";"";"";"Expense";"1";"false";"false";"museum-false-15ef303b96502f06a5f0095002a87cf8";"museum";"#8BC34A";"payments-069b30db06d047a398f9eb0940d3279c";"payments";"#039BE5";"H8y5lmMVDDh36eZRtK5Ht0WvEwD2";"";"[{'share':30000000,'shareInHomeCurrency':980,'forTravelerId':'H8y5lmMVDDh36eZRtK5Ht0WvEwD2'}]"
"80 000";"2,60";"Restaurants";"30 749,024";"France";"FR";"01/02/2026";"EUR";"VND";"";"Utilisateur anonyme";"Utilisateur anonyme";"2,60";"En espèces";"";"";"";"";"Expense";"1";"false";"false";"restaurant-false-386c1f850fbd5f478fb4ef8a134c1740";"restaurant";"#009688";"payments-069b30db06d047a398f9eb0940d3279c";"payments";"#039BE5";"H8y5lmMVDDh36eZRtK5Ht0WvEwD2";"";"[{'share':80000000,'shareInHomeCurrency':2600,'forTravelerId':'H8y5lmMVDDh36eZRtK5Ht0WvEwD2'}]"
"30 000";"0,98";"Restaurants";"30 749,024";"France";"FR";"01/02/2026";"EUR";"VND";"";"Utilisateur anonyme";"Utilisateur anonyme";"0,98";"En espèces";"";"";"";"";"Expense";"1";"false";"false";"restaurant-false-386c1f850fbd5f478fb4ef8a134c1740";"restaurant";"#009688";"payments-069b30db06d047a398f9eb0940d3279c";"payments";"#039BE5";"H8y5lmMVDDh36eZRtK5Ht0WvEwD2";"";"[{'share':30000000,'shareInHomeCurrency':980,'forTravelerId':'H8y5lmMVDDh36eZRtK5Ht0WvEwD2'}]"
"150 000";"4,88";"Restaurants";"30 749,024";"France";"FR";"31/01/2026";"EUR";"VND";"";"Utilisateur anonyme";"Utilisateur anonyme";"4,88";"En espèces";"";"";"";"";"Expense";"1";"false";"false";"restaurant-false-386c1f850fbd5f478fb4ef8a134c1740";"restaurant";"#009688";"payments-069b30db06d047a398f9eb0940d3279c";"payments";"#039BE5";"H8y5lmMVDDh36eZRtK5Ht0WvEwD2";"";"[{'share':150000000,'shareInHomeCurrency':4880,'forTravelerId':'H8y5lmMVDDh36eZRtK5Ht0WvEwD2'}]"
"30 000";"0,97";"Restaurants";"30 919,233";"France";"FR";"31/01/2026";"EUR";"VND";"";"Utilisateur anonyme";"Utilisateur anonyme";"0,97";"En espèces";"";"";"";"";"Expense";"1";"false";"false";"restaurant-false-386c1f850fbd5f478fb4ef8a134c1740";"restaurant";"#009688";"payments-069b30db06d047a398f9eb0940d3279c";"payments";"#039BE5";"H8y5lmMVDDh36eZRtK5Ht0WvEwD2";"";"[{'share':30000000,'shareInHomeCurrency':970,'forTravelerId':'H8y5lmMVDDh36eZRtK5Ht0WvEwD2'}]"
"300 000";"9,70";"Transport";"30 919,233";"France";"FR";"31/01/2026";"EUR";"VND";"";"Utilisateur anonyme";"Utilisateur anonyme";"9,70";"En espèces";"";"";"";"";"Expense";"1";"false";"false";"train-false-a600971fdd23ea1f5685d7ee01d5f5c3";"train";"#EF6C00";"payments-069b30db06d047a398f9eb0940d3279c";"payments";"#039BE5";"H8y5lmMVDDh36eZRtK5Ht0WvEwD2";"";"[{'share':300000000,'shareInHomeCurrency':9700,'forTravelerId':'H8y5lmMVDDh36eZRtK5Ht0WvEwD2'}]"
"600 000";"19,31";"Hébergements";"31 075,573";"France";"FR";"31/01/2026";"EUR";"VND";"";"Utilisateur anonyme";"Utilisateur anonyme";"19,31";"En espèces";"";"";"";"";"Expense";"4";"false";"false";"hotel-false-3e1b660a6d0b1877c3dd4a16fbb5cb5c";"hotel";"#DB4437";"payments-069b30db06d047a398f9eb0940d3279c";"payments";"#039BE5";"H8y5lmMVDDh36eZRtK5Ht0WvEwD2";"";"[{'share':600000000,'shareInHomeCurrency':19310,'forTravelerId':'H8y5lmMVDDh36eZRtK5Ht0WvEwD2'}]"
"80 000";"2,59";"Restaurants";"30 919,233";"France";"FR";"30/01/2026";"EUR";"VND";"";"Utilisateur anonyme";"Utilisateur anonyme";"2,59";"En espèces";"";"";"";"";"Expense";"1";"false";"false";"restaurant-false-386c1f850fbd5f478fb4ef8a134c1740";"restaurant";"#009688";"payments-069b30db06d047a398f9eb0940d3279c";"payments";"#039BE5";"H8y5lmMVDDh36eZRtK5Ht0WvEwD2";"";"[{'share':80000000,'shareInHomeCurrency':2590,'forTravelerId':'H8y5lmMVDDh36eZRtK5Ht0WvEwD2'}]"
"33 000";"1,07";"Frais & Charges";"30 919,233";"France";"FR";"30/01/2026";"EUR";"VND";"";"Utilisateur anonyme";"Utilisateur anonyme";"1,07";"En espèces";"";"";"";"";"Expense";"1";"false";"false";"monetization_on-false-032772a5c2c6ac2f128ca6c7fb009e0c";"monetization_on";"#9C27B0";"payments-069b30db06d047a398f9eb0940d3279c";"payments";"#039BE5";"H8y5lmMVDDh36eZRtK5Ht0WvEwD2";"";"[{'share':33000000,'shareInHomeCurrency':1070,'forTravelerId':'H8y5lmMVDDh36eZRtK5Ht0WvEwD2'}]"
"150 000";"4,83";"Tourisme";"31 075,573";"France";"FR";"30/01/2026";"EUR";"VND";"";"Utilisateur anonyme";"Utilisateur anonyme";"4,83";"En espèces";"";"";"";"";"Expense";"1";"false";"false";"museum-false-15ef303b96502f06a5f0095002a87cf8";"museum";"#8BC34A";"payments-069b30db06d047a398f9eb0940d3279c";"payments";"#039BE5";"H8y5lmMVDDh36eZRtK5Ht0WvEwD2";"";"[{'share':150000000,'shareInHomeCurrency':4830,'forTravelerId':'H8y5lmMVDDh36eZRtK5Ht0WvEwD2'}]"
"210 000";"6,76";"Achats";"31 075,573";"France";"FR";"30/01/2026";"EUR";"VND";"";"Utilisateur anonyme";"Utilisateur anonyme";"6,76";"En espèces";"";"";"";"";"Expense";"1";"false";"false";"local_mall-false-fed561a86e066be5a26232626c4867a2";"local_mall";"#0F9D58";"payments-069b30db06d047a398f9eb0940d3279c";"payments";"#039BE5";"H8y5lmMVDDh36eZRtK5Ht0WvEwD2";"";"[{'share':210000000,'shareInHomeCurrency':6760,'forTravelerId':'H8y5lmMVDDh36eZRtK5Ht0WvEwD2'}]"
"99 000";"3,19";"Frais de change";"31 075,573";"France";"FR";"30/01/2026";"EUR";"VND";"";"Utilisateur anonyme";"Utilisateur anonyme";"3,19";"En espèces";"";"";"";"";"Expense";"1";"false";"false";"local_atm-false-38bd75550f7965937ff6c6df7dac241b";"local_atm";"#3F51B5";"payments-069b30db06d047a398f9eb0940d3279c";"payments";"#039BE5";"H8y5lmMVDDh36eZRtK5Ht0WvEwD2";"";"[{'share':99000000,'shareInHomeCurrency':3190,'forTravelerId':'H8y5lmMVDDh36eZRtK5Ht0WvEwD2'}]"
"15 000";"0,48";"Courses";"31 075,573";"France";"FR";"29/01/2026";"EUR";"VND";"";"Utilisateur anonyme";"Utilisateur anonyme";"0,48";"En espèces";"";"";"";"";"Expense";"1";"false";"false";"shopping_cart-false-7c3765bf72361083d820071fb21308a9";"shopping_cart";"#039BE5";"payments-069b30db06d047a398f9eb0940d3279c";"payments";"#039BE5";"H8y5lmMVDDh36eZRtK5Ht0WvEwD2";"";"[{'share':15000000,'shareInHomeCurrency':480,'forTravelerId':'H8y5lmMVDDh36eZRtK5Ht0WvEwD2'}]"
"100 000";"3,22";"Restaurants";"31 075,573";"France";"FR";"29/01/2026";"EUR";"VND";"";"Utilisateur anonyme";"Utilisateur anonyme";"3,22";"En espèces";"";"";"";"";"Expense";"1";"false";"false";"restaurant-false-386c1f850fbd5f478fb4ef8a134c1740";"restaurant";"#009688";"payments-069b30db06d047a398f9eb0940d3279c";"payments";"#039BE5";"H8y5lmMVDDh36eZRtK5Ht0WvEwD2";"";"[{'share':100000000,'shareInHomeCurrency':3220,'forTravelerId':'H8y5lmMVDDh36eZRtK5Ht0WvEwD2'}]"
"240 000";"7,72";"Hébergements";"31 075,573";"France";"FR";"29/01/2026";"EUR";"VND";"";"Utilisateur anonyme";"Utilisateur anonyme";"7,72";"En espèces";"";"";"";"";"Expense";"2";"false";"false";"hotel-false-3e1b660a6d0b1877c3dd4a16fbb5cb5c";"hotel";"#DB4437";"payments-069b30db06d047a398f9eb0940d3279c";"payments";"#039BE5";"H8y5lmMVDDh36eZRtK5Ht0WvEwD2";"";"[{'share':240000000,'shareInHomeCurrency':7720,'forTravelerId':'H8y5lmMVDDh36eZRtK5Ht0WvEwD2'}]"
"110 000";"3,52";"Tourisme";"31 237,828";"France";"FR";"29/01/2026";"EUR";"VND";"";"Utilisateur anonyme";"Utilisateur anonyme";"3,52";"En espèces";"";"";"";"";"Expense";"1";"false";"false";"museum-false-15ef303b96502f06a5f0095002a87cf8";"museum";"#8BC34A";"payments-069b30db06d047a398f9eb0940d3279c";"payments";"#039BE5";"H8y5lmMVDDh36eZRtK5Ht0WvEwD2";"";"[{'share':110000000,'shareInHomeCurrency':3520,'forTravelerId':'H8y5lmMVDDh36eZRtK5Ht0WvEwD2'}]"
"300 000";"9,60";"Tourisme";"31 237,828";"France";"FR";"29/01/2026";"EUR";"VND";"";"Utilisateur anonyme";"Utilisateur anonyme";"9,60";"En espèces";"";"";"";"";"Expense";"1";"false";"false";"museum-false-15ef303b96502f06a5f0095002a87cf8";"museum";"#8BC34A";"payments-069b30db06d047a398f9eb0940d3279c";"payments";"#039BE5";"H8y5lmMVDDh36eZRtK5Ht0WvEwD2";"";"[{'share':300000000,'shareInHomeCurrency':9600,'forTravelerId':'H8y5lmMVDDh36eZRtK5Ht0WvEwD2'}]"
"60 000";"1,92";"Restaurants";"31 237,828";"France";"FR";"29/01/2026";"EUR";"VND";"";"Utilisateur anonyme";"Utilisateur anonyme";"1,92";"En espèces";"";"";"";"";"Expense";"1";"false";"false";"restaurant-false-386c1f850fbd5f478fb4ef8a134c1740";"restaurant";"#009688";"payments-069b30db06d047a398f9eb0940d3279c";"payments";"#039BE5";"H8y5lmMVDDh36eZRtK5Ht0WvEwD2";"";"[{'share':60000000,'shareInHomeCurrency':1920,'forTravelerId':'H8y5lmMVDDh36eZRtK5Ht0WvEwD2'}]"
"150 000";"4,80";"Tourisme";"31 237,828";"France";"FR";"29/01/2026";"EUR";"VND";"";"Utilisateur anonyme";"Utilisateur anonyme";"4,80";"En espèces";"";"";"";"";"Expense";"1";"false";"false";"museum-false-15ef303b96502f06a5f0095002a87cf8";"museum";"#8BC34A";"payments-069b30db06d047a398f9eb0940d3279c";"payments";"#039BE5";"H8y5lmMVDDh36eZRtK5Ht0WvEwD2";"";"[{'share':150000000,'shareInHomeCurrency':4800,'forTravelerId':'H8y5lmMVDDh36eZRtK5Ht0WvEwD2'}]"
"40 000";"1,28";"Transport";"31 237,828";"France";"FR";"29/01/2026";"EUR";"VND";"";"Utilisateur anonyme";"Utilisateur anonyme";"1,28";"En espèces";"";"";"";"";"Expense";"1";"false";"false";"train-false-a600971fdd23ea1f5685d7ee01d5f5c3";"train";"#EF6C00";"payments-069b30db06d047a398f9eb0940d3279c";"payments";"#039BE5";"H8y5lmMVDDh36eZRtK5Ht0WvEwD2";"";"[{'share':40000000,'shareInHomeCurrency':1280,'forTravelerId':'H8y5lmMVDDh36eZRtK5Ht0WvEwD2'}]"
"150 000";"4,80";"Transport";"31 237,828";"France";"FR";"29/01/2026";"EUR";"VND";"";"Utilisateur anonyme";"Utilisateur anonyme";"4,80";"En espèces";"";"";"";"";"Expense";"1";"false";"false";"train-false-a600971fdd23ea1f5685d7ee01d5f5c3";"train";"#EF6C00";"payments-069b30db06d047a398f9eb0940d3279c";"payments";"#039BE5";"H8y5lmMVDDh36eZRtK5Ht0WvEwD2";"";"[{'share':150000000,'shareInHomeCurrency':4800,'forTravelerId':'H8y5lmMVDDh36eZRtK5Ht0WvEwD2'}]"
"50 000";"1,60";"Restaurants";"31 237,828";"France";"FR";"28/01/2026";"EUR";"VND";"";"Utilisateur anonyme";"Utilisateur anonyme";"1,60";"En espèces";"";"";"";"";"Expense";"1";"false";"false";"restaurant-false-386c1f850fbd5f478fb4ef8a134c1740";"restaurant";"#009688";"payments-069b30db06d047a398f9eb0940d3279c";"payments";"#039BE5";"H8y5lmMVDDh36eZRtK5Ht0WvEwD2";"";"[{'share':50000000,'shareInHomeCurrency':1600,'forTravelerId':'H8y5lmMVDDh36eZRtK5Ht0WvEwD2'}]"
"120 000";"3,87";"Hébergements";"31 038,742";"France";"FR";"28/01/2026";"EUR";"VND";"";"Utilisateur anonyme";"Utilisateur anonyme";"3,87";"En espèces";"";"";"";"";"Expense";"1";"false";"false";"hotel-false-3e1b660a6d0b1877c3dd4a16fbb5cb5c";"hotel";"#DB4437";"payments-069b30db06d047a398f9eb0940d3279c";"payments";"#039BE5";"H8y5lmMVDDh36eZRtK5Ht0WvEwD2";"";"[{'share':120000000,'shareInHomeCurrency':3870,'forTravelerId':'H8y5lmMVDDh36eZRtK5Ht0WvEwD2'}]"
"250 000";"8,05";"Transport";"31 056,177";"France";"FR";"28/01/2026";"EUR";"VND";"";"Utilisateur anonyme";"Utilisateur anonyme";"8,05";"En espèces";"";"";"";"";"Expense";"1";"false";"false";"train-false-a600971fdd23ea1f5685d7ee01d5f5c3";"train";"#EF6C00";"payments-069b30db06d047a398f9eb0940d3279c";"payments";"#039BE5";"H8y5lmMVDDh36eZRtK5Ht0WvEwD2";"";"[{'share':250000000,'shareInHomeCurrency':8050,'forTravelerId':'H8y5lmMVDDh36eZRtK5Ht0WvEwD2'}]"
"60 000";"1,93";"Restaurants";"31 038,742";"France";"FR";"27/01/2026";"EUR";"VND";"";"Utilisateur anonyme";"Utilisateur anonyme";"1,93";"En espèces";"";"";"";"";"Expense";"1";"false";"false";"restaurant-false-386c1f850fbd5f478fb4ef8a134c1740";"restaurant";"#009688";"payments-069b30db06d047a398f9eb0940d3279c";"payments";"#039BE5";"H8y5lmMVDDh36eZRtK5Ht0WvEwD2";"";"[{'share':60000000,'shareInHomeCurrency':1930,'forTravelerId':'H8y5lmMVDDh36eZRtK5Ht0WvEwD2'}]"
"20 000";"0,64";"Boissons";"31 056,177";"France";"FR";"27/01/2026";"EUR";"VND";"";"Utilisateur anonyme";"Utilisateur anonyme";"0,64";"En espèces";"";"";"";"";"Expense";"1";"false";"false";"local_bar-false-0c96179df5834759b90ee5cb3834a365";"local_bar";"#673AB7";"payments-069b30db06d047a398f9eb0940d3279c";"payments";"#039BE5";"H8y5lmMVDDh36eZRtK5Ht0WvEwD2";"";"[{'share':20000000,'shareInHomeCurrency':640,'forTravelerId':'H8y5lmMVDDh36eZRtK5Ht0WvEwD2'}]"
"550 000";"17,71";"Tourisme";"31 056,177";"France";"FR";"27/01/2026";"EUR";"VND";"";"Utilisateur anonyme";"Utilisateur anonyme";"17,71";"En espèces";"";"";"";"";"Expense";"1";"false";"false";"museum-false-15ef303b96502f06a5f0095002a87cf8";"museum";"#8BC34A";"payments-069b30db06d047a398f9eb0940d3279c";"payments";"#039BE5";"H8y5lmMVDDh36eZRtK5Ht0WvEwD2";"";"[{'share':550000000,'shareInHomeCurrency':17710,'forTravelerId':'H8y5lmMVDDh36eZRtK5Ht0WvEwD2'}]"
"54 000";"1,74";"Blanchisserie";"31 056,177";"France";"FR";"27/01/2026";"EUR";"VND";"";"Utilisateur anonyme";"Utilisateur anonyme";"1,74";"En espèces";"";"";"";"";"Expense";"1";"false";"false";"local_laundry_service-false-51f0cc41f89738b2c779ae8e61e45adf";"local_laundry_service";"#0097A7";"payments-069b30db06d047a398f9eb0940d3279c";"payments";"#039BE5";"H8y5lmMVDDh36eZRtK5Ht0WvEwD2";"";"[{'share':54000000,'shareInHomeCurrency':1740,'forTravelerId':'H8y5lmMVDDh36eZRtK5Ht0WvEwD2'}]"
"60 000";"1,93";"Restaurants";"31 056,177";"France";"FR";"26/01/2026";"EUR";"VND";"";"Utilisateur anonyme";"Utilisateur anonyme";"1,93";"En espèces";"";"";"";"";"Expense";"1";"false";"false";"restaurant-false-386c1f850fbd5f478fb4ef8a134c1740";"restaurant";"#009688";"payments-069b30db06d047a398f9eb0940d3279c";"payments";"#039BE5";"H8y5lmMVDDh36eZRtK5Ht0WvEwD2";"";"[{'share':60000000,'shareInHomeCurrency':1930,'forTravelerId':'H8y5lmMVDDh36eZRtK5Ht0WvEwD2'}]"
"200 000";"6,44";"Hébergements";"31 056,177";"France";"FR";"26/01/2026";"EUR";"VND";"";"Utilisateur anonyme";"Utilisateur anonyme";"6,44";"En espèces";"";"";"";"";"Expense";"2";"false";"false";"hotel-false-3e1b660a6d0b1877c3dd4a16fbb5cb5c";"hotel";"#DB4437";"payments-069b30db06d047a398f9eb0940d3279c";"payments";"#039BE5";"H8y5lmMVDDh36eZRtK5Ht0WvEwD2";"";"[{'share':200000000,'shareInHomeCurrency':6440,'forTravelerId':'H8y5lmMVDDh36eZRtK5Ht0WvEwD2'}]"
"20 000";"0,64";"Courses";"31 036,987";"France";"FR";"26/01/2026";"EUR";"VND";"";"Utilisateur anonyme";"Utilisateur anonyme";"0,64";"En espèces";"";"";"";"";"Expense";"1";"false";"false";"shopping_cart-false-7c3765bf72361083d820071fb21308a9";"shopping_cart";"#039BE5";"payments-069b30db06d047a398f9eb0940d3279c";"payments";"#039BE5";"H8y5lmMVDDh36eZRtK5Ht0WvEwD2";"";"[{'share':20000000,'shareInHomeCurrency':640,'forTravelerId':'H8y5lmMVDDh36eZRtK5Ht0WvEwD2'}]"
"125 000";"4,03";"Transport";"31 036,987";"France";"FR";"26/01/2026";"EUR";"VND";"";"Utilisateur anonyme";"Utilisateur anonyme";"4,03";"En espèces";"";"";"";"";"Expense";"1";"false";"false";"train-false-a600971fdd23ea1f5685d7ee01d5f5c3";"train";"#EF6C00";"payments-069b30db06d047a398f9eb0940d3279c";"payments";"#039BE5";"H8y5lmMVDDh36eZRtK5Ht0WvEwD2";"";"[{'share':125000000,'shareInHomeCurrency':4030,'forTravelerId':'H8y5lmMVDDh36eZRtK5Ht0WvEwD2'}]"
"100 000";"3,22";"Restaurants";"31 036,987";"France";"FR";"26/01/2026";"EUR";"VND";"";"Utilisateur anonyme";"Utilisateur anonyme";"3,22";"En espèces";"";"";"";"";"Expense";"1";"false";"false";"restaurant-false-386c1f850fbd5f478fb4ef8a134c1740";"restaurant";"#009688";"payments-069b30db06d047a398f9eb0940d3279c";"payments";"#039BE5";"H8y5lmMVDDh36eZRtK5Ht0WvEwD2";"";"[{'share':100000000,'shareInHomeCurrency':3220,'forTravelerId':'H8y5lmMVDDh36eZRtK5Ht0WvEwD2'}]"
"120 000";"3,87";"Tourisme";"31 036,987";"France";"FR";"26/01/2026";"EUR";"VND";"";"Utilisateur anonyme";"Utilisateur anonyme";"3,87";"En espèces";"";"";"";"";"Expense";"1";"false";"false";"museum-false-15ef303b96502f06a5f0095002a87cf8";"museum";"#8BC34A";"payments-069b30db06d047a398f9eb0940d3279c";"payments";"#039BE5";"H8y5lmMVDDh36eZRtK5Ht0WvEwD2";"";"[{'share':120000000,'shareInHomeCurrency':3870,'forTravelerId':'H8y5lmMVDDh36eZRtK5Ht0WvEwD2'}]"
"10 000";"0,32";"Boissons";"31 036,987";"France";"FR";"25/01/2026";"EUR";"VND";"";"Utilisateur anonyme";"Utilisateur anonyme";"0,32";"En espèces";"";"";"";"";"Expense";"1";"false";"false";"local_bar-false-0c96179df5834759b90ee5cb3834a365";"local_bar";"#673AB7";"payments-069b30db06d047a398f9eb0940d3279c";"payments";"#039BE5";"H8y5lmMVDDh36eZRtK5Ht0WvEwD2";"";"[{'share':10000000,'shareInHomeCurrency':320,'forTravelerId':'H8y5lmMVDDh36eZRtK5Ht0WvEwD2'}]"
"50 000";"1,61";"Restaurants";"31 036,987";"France";"FR";"25/01/2026";"EUR";"VND";"";"Utilisateur anonyme";"Utilisateur anonyme";"1,61";"En espèces";"";"";"";"";"Expense";"1";"false";"false";"restaurant-false-386c1f850fbd5f478fb4ef8a134c1740";"restaurant";"#009688";"payments-069b30db06d047a398f9eb0940d3279c";"payments";"#039BE5";"H8y5lmMVDDh36eZRtK5Ht0WvEwD2";"";"[{'share':50000000,'shareInHomeCurrency':1610,'forTravelerId':'H8y5lmMVDDh36eZRtK5Ht0WvEwD2'}]"
"50 000";"1,61";"Frais de change";"31 036,987";"France";"FR";"25/01/2026";"EUR";"VND";"";"Utilisateur anonyme";"Utilisateur anonyme";"1,61";"En espèces";"";"";"";"";"Expense";"1";"false";"false";"local_atm-false-38bd75550f7965937ff6c6df7dac241b";"local_atm";"#3F51B5";"payments-069b30db06d047a398f9eb0940d3279c";"payments";"#039BE5";"H8y5lmMVDDh36eZRtK5Ht0WvEwD2";"";"[{'share':50000000,'shareInHomeCurrency':1610,'forTravelerId':'H8y5lmMVDDh36eZRtK5Ht0WvEwD2'}]"
"275 000";"8,93";"Transport";"30 789,897";"France";"FR";"25/01/2026";"EUR";"VND";"";"Utilisateur anonyme";"Utilisateur anonyme";"8,93";"En espèces";"";"";"";"";"Expense";"1";"false";"false";"train-false-a600971fdd23ea1f5685d7ee01d5f5c3";"train";"#EF6C00";"payments-069b30db06d047a398f9eb0940d3279c";"payments";"#039BE5";"H8y5lmMVDDh36eZRtK5Ht0WvEwD2";"";"[{'share':275000000,'shareInHomeCurrency':8930,'forTravelerId':'H8y5lmMVDDh36eZRtK5Ht0WvEwD2'}]"
"100 300";"3,27";"Hébergements";"30 704,81";"France";"FR";"25/01/2026";"EUR";"VND";"";"Utilisateur anonyme";"Utilisateur anonyme";"3,27";"Carte de crédit";"";"";"";"";"Expense";"1";"false";"false";"hotel-false-3e1b660a6d0b1877c3dd4a16fbb5cb5c";"hotel";"#DB4437";"credit_card-73a61696f100b3858511e212a3feea6b";"credit_card";"#FFB300";"H8y5lmMVDDh36eZRtK5Ht0WvEwD2";"";"[{'share':100300000,'shareInHomeCurrency':3270,'forTravelerId':'H8y5lmMVDDh36eZRtK5Ht0WvEwD2'}]"
"60 000";"1,95";"Restaurants";"30 789,897";"France";"FR";"24/01/2026";"EUR";"VND";"";"Utilisateur anonyme";"Utilisateur anonyme";"1,95";"En espèces";"";"";"";"";"Expense";"1";"false";"false";"restaurant-false-386c1f850fbd5f478fb4ef8a134c1740";"restaurant";"#009688";"payments-069b30db06d047a398f9eb0940d3279c";"payments";"#039BE5";"H8y5lmMVDDh36eZRtK5Ht0WvEwD2";"";"[{'share':60000000,'shareInHomeCurrency':1950,'forTravelerId':'H8y5lmMVDDh36eZRtK5Ht0WvEwD2'}]"
"50 000";"1,62";"Restaurants";"30 789,897";"France";"FR";"24/01/2026";"EUR";"VND";"";"Utilisateur anonyme";"Utilisateur anonyme";"1,62";"En espèces";"";"";"";"";"Expense";"1";"false";"false";"restaurant-false-386c1f850fbd5f478fb4ef8a134c1740";"restaurant";"#009688";"payments-069b30db06d047a398f9eb0940d3279c";"payments";"#039BE5";"H8y5lmMVDDh36eZRtK5Ht0WvEwD2";"";"[{'share':50000000,'shareInHomeCurrency':1620,'forTravelerId':'H8y5lmMVDDh36eZRtK5Ht0WvEwD2'}]"
"250 000";"8,12";"Achats";"30 789,897";"France";"FR";"24/01/2026";"EUR";"VND";"";"Utilisateur anonyme";"Utilisateur anonyme";"8,12";"En espèces";"";"";"";"";"Expense";"1";"false";"false";"local_mall-false-fed561a86e066be5a26232626c4867a2";"local_mall";"#0F9D58";"payments-069b30db06d047a398f9eb0940d3279c";"payments";"#039BE5";"H8y5lmMVDDh36eZRtK5Ht0WvEwD2";"";"[{'share':250000000,'shareInHomeCurrency':8120,'forTravelerId':'H8y5lmMVDDh36eZRtK5Ht0WvEwD2'}]"
"40 000";"1,30";"Tourisme";"30 789,897";"France";"FR";"24/01/2026";"EUR";"VND";"";"Utilisateur anonyme";"Utilisateur anonyme";"1,30";"En espèces";"";"";"";"";"Expense";"1";"false";"false";"museum-false-15ef303b96502f06a5f0095002a87cf8";"museum";"#8BC34A";"payments-069b30db06d047a398f9eb0940d3279c";"payments";"#039BE5";"H8y5lmMVDDh36eZRtK5Ht0WvEwD2";"";"[{'share':40000000,'shareInHomeCurrency':1300,'forTravelerId':'H8y5lmMVDDh36eZRtK5Ht0WvEwD2'}]"
"40 000";"1,30";"Tourisme";"30 789,897";"France";"FR";"24/01/2026";"EUR";"VND";"";"Utilisateur anonyme";"Utilisateur anonyme";"1,30";"En espèces";"";"";"";"";"Expense";"1";"false";"false";"museum-false-15ef303b96502f06a5f0095002a87cf8";"museum";"#8BC34A";"payments-069b30db06d047a398f9eb0940d3279c";"payments";"#039BE5";"H8y5lmMVDDh36eZRtK5Ht0WvEwD2";"";"[{'share':40000000,'shareInHomeCurrency':1300,'forTravelerId':'H8y5lmMVDDh36eZRtK5Ht0WvEwD2'}]"
"99 000";"3,22";"Frais de change";"30 704,81";"France";"FR";"23/01/2026";"EUR";"VND";"";"Utilisateur anonyme";"Utilisateur anonyme";"3,22";"Carte de crédit";"";"";"";"";"Expense";"1";"false";"false";"local_atm-false-38bd75550f7965937ff6c6df7dac241b";"local_atm";"#3F51B5";"credit_card-73a61696f100b3858511e212a3feea6b";"credit_card";"#FFB300";"H8y5lmMVDDh36eZRtK5Ht0WvEwD2";"";"[{'share':99000000,'shareInHomeCurrency':3220,'forTravelerId':'H8y5lmMVDDh36eZRtK5Ht0WvEwD2'}]"
"30 000";"0,98";"Restaurants";"30 704,81";"France";"FR";"23/01/2026";"EUR";"VND";"";"Utilisateur anonyme";"Utilisateur anonyme";"0,98";"En espèces";"";"";"";"";"Expense";"1";"false";"false";"restaurant-false-386c1f850fbd5f478fb4ef8a134c1740";"restaurant";"#009688";"payments-069b30db06d047a398f9eb0940d3279c";"payments";"#039BE5";"H8y5lmMVDDh36eZRtK5Ht0WvEwD2";"";"[{'share':30000000,'shareInHomeCurrency':980,'forTravelerId':'H8y5lmMVDDh36eZRtK5Ht0WvEwD2'}]"
"370 000";"12,03";"Transport";"30 746,629";"France";"FR";"23/01/2026";"EUR";"VND";"";"Utilisateur anonyme";"Utilisateur anonyme";"12,03";"En espèces";"";"";"";"";"Expense";"1";"false";"false";"train-false-a600971fdd23ea1f5685d7ee01d5f5c3";"train";"#EF6C00";"payments-069b30db06d047a398f9eb0940d3279c";"payments";"#039BE5";"H8y5lmMVDDh36eZRtK5Ht0WvEwD2";"";"[{'share':370000000,'shareInHomeCurrency':12030,'forTravelerId':'H8y5lmMVDDh36eZRtK5Ht0WvEwD2'}]"
"373 470";"12,15";"Hébergements";"30 746,629";"France";"FR";"23/01/2026";"EUR";"VND";"";"Utilisateur anonyme";"Utilisateur anonyme";"12,15";"En espèces";"";"";"";"";"Expense";"2";"false";"false";"hotel-false-3e1b660a6d0b1877c3dd4a16fbb5cb5c";"hotel";"#DB4437";"payments-069b30db06d047a398f9eb0940d3279c";"payments";"#039BE5";"H8y5lmMVDDh36eZRtK5Ht0WvEwD2";"";"[{'share':373470000,'shareInHomeCurrency':12150,'forTravelerId':'H8y5lmMVDDh36eZRtK5Ht0WvEwD2'}]"
"30 000";"0,98";"Restaurants";"30 704,81";"France";"FR";"22/01/2026";"EUR";"VND";"";"Utilisateur anonyme";"Utilisateur anonyme";"0,98";"En espèces";"";"";"";"";"Expense";"1";"false";"false";"restaurant-false-386c1f850fbd5f478fb4ef8a134c1740";"restaurant";"#009688";"payments-069b30db06d047a398f9eb0940d3279c";"payments";"#039BE5";"H8y5lmMVDDh36eZRtK5Ht0WvEwD2";"";"[{'share':30000000,'shareInHomeCurrency':980,'forTravelerId':'H8y5lmMVDDh36eZRtK5Ht0WvEwD2'}]"
"21 000";"0,68";"Restaurants";"30 746,629";"France";"FR";"22/01/2026";"EUR";"VND";"";"Utilisateur anonyme";"Utilisateur anonyme";"0,68";"En espèces";"";"";"";"";"Expense";"1";"false";"false";"restaurant-false-386c1f850fbd5f478fb4ef8a134c1740";"restaurant";"#009688";"payments-069b30db06d047a398f9eb0940d3279c";"payments";"#039BE5";"H8y5lmMVDDh36eZRtK5Ht0WvEwD2";"";"[{'share':21000000,'shareInHomeCurrency':680,'forTravelerId':'H8y5lmMVDDh36eZRtK5Ht0WvEwD2'}]"
"70 000";"2,28";"Boissons";"30 746,629";"France";"FR";"22/01/2026";"EUR";"VND";"";"Utilisateur anonyme";"Utilisateur anonyme";"2,28";"En espèces";"";"";"";"";"Expense";"1";"false";"false";"local_bar-false-0c96179df5834759b90ee5cb3834a365";"local_bar";"#673AB7";"payments-069b30db06d047a398f9eb0940d3279c";"payments";"#039BE5";"H8y5lmMVDDh36eZRtK5Ht0WvEwD2";"";"[{'share':70000000,'shareInHomeCurrency':2280,'forTravelerId':'H8y5lmMVDDh36eZRtK5Ht0WvEwD2'}]"
"30 000";"0,98";"Restaurants";"30 746,629";"France";"FR";"22/01/2026";"EUR";"VND";"";"Utilisateur anonyme";"Utilisateur anonyme";"0,98";"En espèces";"";"";"";"";"Expense";"1";"false";"false";"restaurant-false-386c1f850fbd5f478fb4ef8a134c1740";"restaurant";"#009688";"payments-069b30db06d047a398f9eb0940d3279c";"payments";"#039BE5";"H8y5lmMVDDh36eZRtK5Ht0WvEwD2";"";"[{'share':30000000,'shareInHomeCurrency':980,'forTravelerId':'H8y5lmMVDDh36eZRtK5Ht0WvEwD2'}]"
"58 000";"1,89";"Courses";"30 746,629";"France";"FR";"22/01/2026";"EUR";"VND";"";"Utilisateur anonyme";"Utilisateur anonyme";"1,89";"En espèces";"";"";"";"";"Expense";"1";"false";"false";"shopping_cart-false-7c3765bf72361083d820071fb21308a9";"shopping_cart";"#039BE5";"payments-069b30db06d047a398f9eb0940d3279c";"payments";"#039BE5";"H8y5lmMVDDh36eZRtK5Ht0WvEwD2";"";"[{'share':58000000,'shareInHomeCurrency':1890,'forTravelerId':'H8y5lmMVDDh36eZRtK5Ht0WvEwD2'}]"
"65 000";"2,11";"Restaurants";"30 746,629";"France";"FR";"21/01/2026";"EUR";"VND";"";"Utilisateur anonyme";"Utilisateur anonyme";"2,11";"En espèces";"";"";"";"";"Expense";"1";"false";"false";"restaurant-false-386c1f850fbd5f478fb4ef8a134c1740";"restaurant";"#009688";"payments-069b30db06d047a398f9eb0940d3279c";"payments";"#039BE5";"H8y5lmMVDDh36eZRtK5Ht0WvEwD2";"";"[{'share':65000000,'shareInHomeCurrency':2110,'forTravelerId':'H8y5lmMVDDh36eZRtK5Ht0WvEwD2'}]"
"50 000";"1,63";"Restaurants";"30 746,629";"France";"FR";"21/01/2026";"EUR";"VND";"";"Utilisateur anonyme";"Utilisateur anonyme";"1,63";"En espèces";"";"";"";"";"Expense";"1";"false";"false";"restaurant-false-386c1f850fbd5f478fb4ef8a134c1740";"restaurant";"#009688";"payments-069b30db06d047a398f9eb0940d3279c";"payments";"#039BE5";"H8y5lmMVDDh36eZRtK5Ht0WvEwD2";"";"[{'share':50000000,'shareInHomeCurrency':1630,'forTravelerId':'H8y5lmMVDDh36eZRtK5Ht0WvEwD2'}]"
"60 000";"1,95";"Restaurants";"30 777,974";"France";"FR";"21/01/2026";"EUR";"VND";"";"Utilisateur anonyme";"Utilisateur anonyme";"1,95";"En espèces";"";"";"";"";"Expense";"1";"false";"false";"restaurant-false-386c1f850fbd5f478fb4ef8a134c1740";"restaurant";"#009688";"payments-069b30db06d047a398f9eb0940d3279c";"payments";"#039BE5";"H8y5lmMVDDh36eZRtK5Ht0WvEwD2";"";"[{'share':60000000,'shareInHomeCurrency':1950,'forTravelerId':'H8y5lmMVDDh36eZRtK5Ht0WvEwD2'}]"
"20 000";"0,65";"Tourisme";"30 777,974";"France";"FR";"21/01/2026";"EUR";"VND";"";"Utilisateur anonyme";"Utilisateur anonyme";"0,65";"En espèces";"";"";"";"";"Expense";"1";"false";"false";"museum-false-15ef303b96502f06a5f0095002a87cf8";"museum";"#8BC34A";"payments-069b30db06d047a398f9eb0940d3279c";"payments";"#039BE5";"H8y5lmMVDDh36eZRtK5Ht0WvEwD2";"";"[{'share':20000000,'shareInHomeCurrency':650,'forTravelerId':'H8y5lmMVDDh36eZRtK5Ht0WvEwD2'}]"
"20 000";"0,65";"Restaurants";"30 777,974";"France";"FR";"21/01/2026";"EUR";"VND";"";"Utilisateur anonyme";"Utilisateur anonyme";"0,65";"En espèces";"";"";"";"";"Expense";"1";"false";"false";"restaurant-false-386c1f850fbd5f478fb4ef8a134c1740";"restaurant";"#009688";"payments-069b30db06d047a398f9eb0940d3279c";"payments";"#039BE5";"H8y5lmMVDDh36eZRtK5Ht0WvEwD2";"";"[{'share':20000000,'shareInHomeCurrency':650,'forTravelerId':'H8y5lmMVDDh36eZRtK5Ht0WvEwD2'}]"
"18 000";"0,58";"Restaurants";"30 777,974";"France";"FR";"20/01/2026";"EUR";"VND";"";"Utilisateur anonyme";"Utilisateur anonyme";"0,58";"En espèces";"";"";"";"";"Expense";"1";"false";"false";"restaurant-false-386c1f850fbd5f478fb4ef8a134c1740";"restaurant";"#009688";"payments-069b30db06d047a398f9eb0940d3279c";"payments";"#039BE5";"H8y5lmMVDDh36eZRtK5Ht0WvEwD2";"";"[{'share':18000000,'shareInHomeCurrency':580,'forTravelerId':'H8y5lmMVDDh36eZRtK5Ht0WvEwD2'}]"
"40 000";"1,31";"Tourisme";"30 538,567";"France";"FR";"20/01/2026";"EUR";"VND";"";"Utilisateur anonyme";"Utilisateur anonyme";"1,31";"En espèces";"";"";"";"";"Expense";"1";"false";"false";"museum-false-15ef303b96502f06a5f0095002a87cf8";"museum";"#8BC34A";"payments-069b30db06d047a398f9eb0940d3279c";"payments";"#039BE5";"H8y5lmMVDDh36eZRtK5Ht0WvEwD2";"";"[{'share':40000000,'shareInHomeCurrency':1310,'forTravelerId':'H8y5lmMVDDh36eZRtK5Ht0WvEwD2'}]"
"45 000";"1,47";"Tourisme";"30 538,567";"France";"FR";"20/01/2026";"EUR";"VND";"";"Utilisateur anonyme";"Utilisateur anonyme";"1,47";"Carte de crédit";"";"";"";"";"Expense";"1";"false";"false";"museum-false-15ef303b96502f06a5f0095002a87cf8";"museum";"#8BC34A";"credit_card-73a61696f100b3858511e212a3feea6b";"credit_card";"#FFB300";"H8y5lmMVDDh36eZRtK5Ht0WvEwD2";"";"[{'share':45000000,'shareInHomeCurrency':1470,'forTravelerId':'H8y5lmMVDDh36eZRtK5Ht0WvEwD2'}]"
"150 000";"4,91";"Restaurants";"30 538,567";"France";"FR";"20/01/2026";"EUR";"VND";"";"Utilisateur anonyme";"Utilisateur anonyme";"4,91";"Carte de crédit";"";"";"";"";"Expense";"1";"false";"false";"restaurant-false-386c1f850fbd5f478fb4ef8a134c1740";"restaurant";"#009688";"credit_card-73a61696f100b3858511e212a3feea6b";"credit_card";"#FFB300";"H8y5lmMVDDh36eZRtK5Ht0WvEwD2";"";"[{'share':150000000,'shareInHomeCurrency':4910,'forTravelerId':'H8y5lmMVDDh36eZRtK5Ht0WvEwD2'}]"
"1 800 000";"58,94";"Tourisme";"30 538,567";"France";"FR";"20/01/2026";"EUR";"VND";"";"Utilisateur anonyme";"Utilisateur anonyme";"58,94";"Carte de crédit";"";"";"";"";"Expense";"2";"false";"false";"museum-false-15ef303b96502f06a5f0095002a87cf8";"museum";"#8BC34A";"credit_card-73a61696f100b3858511e212a3feea6b";"credit_card";"#FFB300";"H8y5lmMVDDh36eZRtK5Ht0WvEwD2";"";"[{'share':1800000000,'shareInHomeCurrency':58940,'forTravelerId':'H8y5lmMVDDh36eZRtK5Ht0WvEwD2'}]"
"450 000";"14,74";"Hébergements";"30 538,567";"France";"FR";"20/01/2026";"EUR";"VND";"";"Utilisateur anonyme";"Utilisateur anonyme";"14,74";"Carte de crédit";"";"";"";"";"Expense";"3";"false";"false";"hotel-false-3e1b660a6d0b1877c3dd4a16fbb5cb5c";"hotel";"#DB4437";"credit_card-73a61696f100b3858511e212a3feea6b";"credit_card";"#FFB300";"H8y5lmMVDDh36eZRtK5Ht0WvEwD2";"";"[{'share':450000000,'shareInHomeCurrency':14740,'forTravelerId':'H8y5lmMVDDh36eZRtK5Ht0WvEwD2'}]"
"88 000";"2,89";"Frais de change";"30 495,448";"France";"FR";"19/01/2026";"EUR";"VND";"";"Utilisateur anonyme";"Utilisateur anonyme";"2,89";"Carte de crédit";"";"";"";"";"Expense";"1";"false";"false";"local_atm-false-38bd75550f7965937ff6c6df7dac241b";"local_atm";"#3F51B5";"credit_card-73a61696f100b3858511e212a3feea6b";"credit_card";"#FFB300";"H8y5lmMVDDh36eZRtK5Ht0WvEwD2";"";"[{'share':88000000,'shareInHomeCurrency':2890,'forTravelerId':'H8y5lmMVDDh36eZRtK5Ht0WvEwD2'}]"
"40 000";"1,31";"Restaurants";"30 538,567";"France";"FR";"19/01/2026";"EUR";"VND";"";"Utilisateur anonyme";"Utilisateur anonyme";"1,31";"Carte de crédit";"";"";"";"";"Expense";"1";"false";"false";"restaurant-false-386c1f850fbd5f478fb4ef8a134c1740";"restaurant";"#009688";"credit_card-73a61696f100b3858511e212a3feea6b";"credit_card";"#FFB300";"H8y5lmMVDDh36eZRtK5Ht0WvEwD2";"";"[{'share':40000000,'shareInHomeCurrency':1310,'forTravelerId':'H8y5lmMVDDh36eZRtK5Ht0WvEwD2'}]"
"455 000";"14,92";"Divertissement";"30 495,448";"France";"FR";"19/01/2026";"EUR";"VND";"";"Utilisateur anonyme";"Utilisateur anonyme";"14,92";"En espèces";"";"";"";"";"Expense";"1";"false";"false";"theaters-false-336fdcf7d540e4b430a890b63da159c9";"theaters";"#FF5722";"payments-069b30db06d047a398f9eb0940d3279c";"payments";"#039BE5";"H8y5lmMVDDh36eZRtK5Ht0WvEwD2";"";"[{'share':455000000,'shareInHomeCurrency':14920,'forTravelerId':'H8y5lmMVDDh36eZRtK5Ht0WvEwD2'}]"
"135 000";"4,43";"Frais de change";"30 495,448";"France";"FR";"19/01/2026";"EUR";"VND";"";"Utilisateur anonyme";"Utilisateur anonyme";"4,43";"Carte de crédit";"";"";"";"";"Expense";"1";"false";"false";"local_atm-false-38bd75550f7965937ff6c6df7dac241b";"local_atm";"#3F51B5";"credit_card-73a61696f100b3858511e212a3feea6b";"credit_card";"#FFB300";"H8y5lmMVDDh36eZRtK5Ht0WvEwD2";"";"[{'share':135000000,'shareInHomeCurrency':4430,'forTravelerId':'H8y5lmMVDDh36eZRtK5Ht0WvEwD2'}]"
"40 000";"1,31";"Transport";"30 495,448";"France";"FR";"19/01/2026";"EUR";"VND";"";"Utilisateur anonyme";"Utilisateur anonyme";"1,31";"En espèces";"";"";"";"";"Expense";"1";"false";"false";"train-false-a600971fdd23ea1f5685d7ee01d5f5c3";"train";"#EF6C00";"payments-069b30db06d047a398f9eb0940d3279c";"payments";"#039BE5";"H8y5lmMVDDh36eZRtK5Ht0WvEwD2";"";"[{'share':40000000,'shareInHomeCurrency':1310,'forTravelerId':'H8y5lmMVDDh36eZRtK5Ht0WvEwD2'}]"
"200 000";"6,56";"Transport";"30 495,448";"France";"FR";"19/01/2026";"EUR";"VND";"";"Utilisateur anonyme";"Utilisateur anonyme";"6,56";"En espèces";"";"";"";"";"Expense";"1";"false";"false";"train-false-a600971fdd23ea1f5685d7ee01d5f5c3";"train";"#EF6C00";"payments-069b30db06d047a398f9eb0940d3279c";"payments";"#039BE5";"H8y5lmMVDDh36eZRtK5Ht0WvEwD2";"";"[{'share':200000000,'shareInHomeCurrency':6560,'forTravelerId':'H8y5lmMVDDh36eZRtK5Ht0WvEwD2'}]"
"120 000";"3,94";"Transport";"30 495,448";"France";"FR";"19/01/2026";"EUR";"VND";"";"Utilisateur anonyme";"Utilisateur anonyme";"3,94";"En espèces";"";"";"";"";"Expense";"1";"false";"false";"train-false-a600971fdd23ea1f5685d7ee01d5f5c3";"train";"#EF6C00";"payments-069b30db06d047a398f9eb0940d3279c";"payments";"#039BE5";"H8y5lmMVDDh36eZRtK5Ht0WvEwD2";"";"[{'share':120000000,'shareInHomeCurrency':3940,'forTravelerId':'H8y5lmMVDDh36eZRtK5Ht0WvEwD2'}]"
"150 212";"4,92";"Hébergements";"30 509,896";"France";"FR";"19/01/2026";"EUR";"VND";"";"Utilisateur anonyme";"Utilisateur anonyme";"4,92";"En espèces";"";"";"";"";"Expense";"1";"false";"false";"hotel-false-3e1b660a6d0b1877c3dd4a16fbb5cb5c";"hotel";"#DB4437";"payments-069b30db06d047a398f9eb0940d3279c";"payments";"#039BE5";"H8y5lmMVDDh36eZRtK5Ht0WvEwD2";"";"[{'share':150212000,'shareInHomeCurrency':4920,'forTravelerId':'H8y5lmMVDDh36eZRtK5Ht0WvEwD2'}]"
"50 000";"1,64";"Restaurants";"30 495,448";"France";"FR";"18/01/2026";"EUR";"VND";"";"Utilisateur anonyme";"Utilisateur anonyme";"1,64";"En espèces";"";"";"";"";"Expense";"1";"false";"false";"restaurant-false-386c1f850fbd5f478fb4ef8a134c1740";"restaurant";"#009688";"payments-069b30db06d047a398f9eb0940d3279c";"payments";"#039BE5";"H8y5lmMVDDh36eZRtK5Ht0WvEwD2";"";"[{'share':50000000,'shareInHomeCurrency':1640,'forTravelerId':'H8y5lmMVDDh36eZRtK5Ht0WvEwD2'}]"
"50 000";"1,64";"Restaurants";"30 495,448";"France";"FR";"18/01/2026";"EUR";"VND";"";"Utilisateur anonyme";"Utilisateur anonyme";"1,64";"En espèces";"";"";"";"";"Expense";"1";"false";"false";"restaurant-false-386c1f850fbd5f478fb4ef8a134c1740";"restaurant";"#009688";"payments-069b30db06d047a398f9eb0940d3279c";"payments";"#039BE5";"H8y5lmMVDDh36eZRtK5Ht0WvEwD2";"";"[{'share':50000000,'shareInHomeCurrency':1640,'forTravelerId':'H8y5lmMVDDh36eZRtK5Ht0WvEwD2'}]"
"50 000";"1,64";"Activités";"30 495,448";"France";"FR";"17/01/2026";"EUR";"VND";"";"Utilisateur anonyme";"Utilisateur anonyme";"1,64";"En espèces";"";"";"";"";"Expense";"1";"false";"false";"rowing-false-d78ed35383108fb6c04c16d0a11b20fe";"rowing";"#E91E63";"payments-069b30db06d047a398f9eb0940d3279c";"payments";"#039BE5";"H8y5lmMVDDh36eZRtK5Ht0WvEwD2";"";"[{'share':50000000,'shareInHomeCurrency':1640,'forTravelerId':'H8y5lmMVDDh36eZRtK5Ht0WvEwD2'}]"
"50 000";"1,64";"Restaurants";"30 495,448";"France";"FR";"17/01/2026";"EUR";"VND";"";"Utilisateur anonyme";"Utilisateur anonyme";"1,64";"En espèces";"";"";"";"";"Expense";"1";"false";"false";"restaurant-false-386c1f850fbd5f478fb4ef8a134c1740";"restaurant";"#009688";"payments-069b30db06d047a398f9eb0940d3279c";"payments";"#039BE5";"H8y5lmMVDDh36eZRtK5Ht0WvEwD2";"";"[{'share':50000000,'shareInHomeCurrency':1640,'forTravelerId':'H8y5lmMVDDh36eZRtK5Ht0WvEwD2'}]"
"50 000";"1,64";"Restaurants";"30 495,448";"France";"FR";"17/01/2026";"EUR";"VND";"";"Utilisateur anonyme";"Utilisateur anonyme";"1,64";"En espèces";"";"";"";"";"Expense";"1";"false";"false";"restaurant-false-386c1f850fbd5f478fb4ef8a134c1740";"restaurant";"#009688";"payments-069b30db06d047a398f9eb0940d3279c";"payments";"#039BE5";"H8y5lmMVDDh36eZRtK5Ht0WvEwD2";"";"[{'share':50000000,'shareInHomeCurrency':1640,'forTravelerId':'H8y5lmMVDDh36eZRtK5Ht0WvEwD2'}]"
"50 000";"1,64";"Restaurants";"30 509,896";"France";"FR";"16/01/2026";"EUR";"VND";"";"Utilisateur anonyme";"Utilisateur anonyme";"1,64";"En espèces";"";"";"";"";"Expense";"1";"false";"false";"restaurant-false-386c1f850fbd5f478fb4ef8a134c1740";"restaurant";"#009688";"payments-069b30db06d047a398f9eb0940d3279c";"payments";"#039BE5";"H8y5lmMVDDh36eZRtK5Ht0WvEwD2";"";"[{'share':50000000,'shareInHomeCurrency':1640,'forTravelerId':'H8y5lmMVDDh36eZRtK5Ht0WvEwD2'}]"
"800 000";"26,17";"Tourisme";"30 566,771";"France";"FR";"16/01/2026";"EUR";"VND";"";"Utilisateur anonyme";"Utilisateur anonyme";"26,17";"En espèces";"";"";"";"";"Expense";"1";"false";"false";"museum-false-15ef303b96502f06a5f0095002a87cf8";"museum";"#8BC34A";"payments-069b30db06d047a398f9eb0940d3279c";"payments";"#039BE5";"H8y5lmMVDDh36eZRtK5Ht0WvEwD2";"";"[{'share':800000000,'shareInHomeCurrency':26170,'forTravelerId':'H8y5lmMVDDh36eZRtK5Ht0WvEwD2'}]"
"50 000";"1,64";"Restaurants";"30 566,771";"France";"FR";"16/01/2026";"EUR";"VND";"";"Utilisateur anonyme";"Utilisateur anonyme";"1,64";"En espèces";"";"";"";"";"Expense";"1";"false";"false";"restaurant-false-386c1f850fbd5f478fb4ef8a134c1740";"restaurant";"#009688";"payments-069b30db06d047a398f9eb0940d3279c";"payments";"#039BE5";"H8y5lmMVDDh36eZRtK5Ht0WvEwD2";"";"[{'share':50000000,'shareInHomeCurrency':1640,'forTravelerId':'H8y5lmMVDDh36eZRtK5Ht0WvEwD2'}]"
"50 000";"1,63";"Restaurants";"30 612,578";"France";"FR";"15/01/2026";"EUR";"VND";"";"Utilisateur anonyme";"Utilisateur anonyme";"1,63";"En espèces";"";"";"";"";"Expense";"1";"false";"false";"restaurant-false-386c1f850fbd5f478fb4ef8a134c1740";"restaurant";"#009688";"payments-069b30db06d047a398f9eb0940d3279c";"payments";"#039BE5";"H8y5lmMVDDh36eZRtK5Ht0WvEwD2";"";"[{'share':50000000,'shareInHomeCurrency':1630,'forTravelerId':'H8y5lmMVDDh36eZRtK5Ht0WvEwD2'}]"
"45 000";"1,47";"Tourisme";"30 612,578";"France";"FR";"15/01/2026";"EUR";"VND";"";"Utilisateur anonyme";"Utilisateur anonyme";"1,47";"En espèces";"";"";"";"";"Expense";"1";"false";"false";"museum-false-15ef303b96502f06a5f0095002a87cf8";"museum";"#8BC34A";"payments-069b30db06d047a398f9eb0940d3279c";"payments";"#039BE5";"H8y5lmMVDDh36eZRtK5Ht0WvEwD2";"";"[{'share':45000000,'shareInHomeCurrency':1470,'forTravelerId':'H8y5lmMVDDh36eZRtK5Ht0WvEwD2'}]"
"100 000";"3,27";"Restaurants";"30 612,578";"France";"FR";"15/01/2026";"EUR";"VND";"";"Utilisateur anonyme";"Utilisateur anonyme";"3,27";"En espèces";"";"";"";"";"Expense";"1";"false";"false";"restaurant-false-386c1f850fbd5f478fb4ef8a134c1740";"restaurant";"#009688";"payments-069b30db06d047a398f9eb0940d3279c";"payments";"#039BE5";"H8y5lmMVDDh36eZRtK5Ht0WvEwD2";"";"[{'share':100000000,'shareInHomeCurrency':3270,'forTravelerId':'H8y5lmMVDDh36eZRtK5Ht0WvEwD2'}]"
"100 000";"3,27";"Restaurants";"30 612,578";"France";"FR";"14/01/2026";"EUR";"VND";"";"Utilisateur anonyme";"Utilisateur anonyme";"3,27";"En espèces";"";"";"";"";"Expense";"1";"false";"false";"restaurant-false-386c1f850fbd5f478fb4ef8a134c1740";"restaurant";"#009688";"payments-069b30db06d047a398f9eb0940d3279c";"payments";"#039BE5";"H8y5lmMVDDh36eZRtK5Ht0WvEwD2";"";"[{'share':100000000,'shareInHomeCurrency':3270,'forTravelerId':'H8y5lmMVDDh36eZRtK5Ht0WvEwD2'}]"
"50 000";"1,63";"Restaurants";"30 684,604";"France";"FR";"14/01/2026";"EUR";"VND";"";"Utilisateur anonyme";"Utilisateur anonyme";"1,63";"En espèces";"";"";"";"";"Expense";"1";"false";"false";"restaurant-false-386c1f850fbd5f478fb4ef8a134c1740";"restaurant";"#009688";"payments-069b30db06d047a398f9eb0940d3279c";"payments";"#039BE5";"H8y5lmMVDDh36eZRtK5Ht0WvEwD2";"";"[{'share':50000000,'shareInHomeCurrency':1630,'forTravelerId':'H8y5lmMVDDh36eZRtK5Ht0WvEwD2'}]"
"60 000";"1,96";"Courses";"30 684,604";"France";"FR";"14/01/2026";"EUR";"VND";"";"Utilisateur anonyme";"Utilisateur anonyme";"1,96";"En espèces";"";"";"";"";"Expense";"1";"false";"false";"shopping_cart-false-7c3765bf72361083d820071fb21308a9";"shopping_cart";"#039BE5";"payments-069b30db06d047a398f9eb0940d3279c";"payments";"#039BE5";"H8y5lmMVDDh36eZRtK5Ht0WvEwD2";"";"[{'share':60000000,'shareInHomeCurrency':1960,'forTravelerId':'H8y5lmMVDDh36eZRtK5Ht0WvEwD2'}]"
"450 000";"14,67";"Transport";"30 684,604";"France";"FR";"14/01/2026";"EUR";"VND";"";"Utilisateur anonyme";"Utilisateur anonyme";"14,67";"En espèces";"";"";"";"";"Expense";"1";"false";"false";"train-false-a600971fdd23ea1f5685d7ee01d5f5c3";"train";"#EF6C00";"payments-069b30db06d047a398f9eb0940d3279c";"payments";"#039BE5";"H8y5lmMVDDh36eZRtK5Ht0WvEwD2";"";"[{'share':450000000,'shareInHomeCurrency':14670,'forTravelerId':'H8y5lmMVDDh36eZRtK5Ht0WvEwD2'}]"
"1 062 226";"34,75";"Hébergements";"30 564,139";"France";"FR";"14/01/2026";"EUR";"VND";"";"Utilisateur anonyme";"Utilisateur anonyme";"34,75";"En espèces";"";"";"";"";"Expense";"5";"false";"false";"hotel-false-3e1b660a6d0b1877c3dd4a16fbb5cb5c";"hotel";"#DB4437";"payments-069b30db06d047a398f9eb0940d3279c";"payments";"#039BE5";"H8y5lmMVDDh36eZRtK5Ht0WvEwD2";"";"[{'share':1062226000,'shareInHomeCurrency':34750,'forTravelerId':'H8y5lmMVDDh36eZRtK5Ht0WvEwD2'}]"
"7 000";"0,23";"Boissons";"30 684,604";"France";"FR";"13/01/2026";"EUR";"VND";"";"Utilisateur anonyme";"Utilisateur anonyme";"0,23";"Carte de crédit";"";"";"";"";"Expense";"1";"false";"false";"local_bar-false-0c96179df5834759b90ee5cb3834a365";"local_bar";"#673AB7";"credit_card-73a61696f100b3858511e212a3feea6b";"credit_card";"#FFB300";"H8y5lmMVDDh36eZRtK5Ht0WvEwD2";"";"[{'share':7000000,'shareInHomeCurrency':230,'forTravelerId':'H8y5lmMVDDh36eZRtK5Ht0WvEwD2'}]"
"20 000";"0,65";"Transport";"30 684,604";"France";"FR";"13/01/2026";"EUR";"VND";"";"Utilisateur anonyme";"Utilisateur anonyme";"0,65";"En espèces";"";"";"";"";"Expense";"1";"false";"false";"train-false-a600971fdd23ea1f5685d7ee01d5f5c3";"train";"#EF6C00";"payments-069b30db06d047a398f9eb0940d3279c";"payments";"#039BE5";"H8y5lmMVDDh36eZRtK5Ht0WvEwD2";"";"[{'share':20000000,'shareInHomeCurrency':650,'forTravelerId':'H8y5lmMVDDh36eZRtK5Ht0WvEwD2'}]"
"22 000";"0,72";"Transport";"30 697,962";"France";"FR";"13/01/2026";"EUR";"VND";"";"Utilisateur anonyme";"Utilisateur anonyme";"0,72";"En espèces";"";"";"";"";"Expense";"1";"false";"false";"train-false-a600971fdd23ea1f5685d7ee01d5f5c3";"train";"#EF6C00";"payments-069b30db06d047a398f9eb0940d3279c";"payments";"#039BE5";"H8y5lmMVDDh36eZRtK5Ht0WvEwD2";"";"[{'share':22000000,'shareInHomeCurrency':720,'forTravelerId':'H8y5lmMVDDh36eZRtK5Ht0WvEwD2'}]"
"29 000";"0,94";"Courses";"30 697,962";"France";"FR";"13/01/2026";"EUR";"VND";"";"Utilisateur anonyme";"Utilisateur anonyme";"0,94";"En espèces";"";"";"";"";"Expense";"1";"false";"false";"shopping_cart-false-7c3765bf72361083d820071fb21308a9";"shopping_cart";"#039BE5";"payments-069b30db06d047a398f9eb0940d3279c";"payments";"#039BE5";"H8y5lmMVDDh36eZRtK5Ht0WvEwD2";"";"[{'share':29000000,'shareInHomeCurrency':940,'forTravelerId':'H8y5lmMVDDh36eZRtK5Ht0WvEwD2'}]"
"45 000";"1,47";"Restaurants";"30 697,962";"France";"FR";"13/01/2026";"EUR";"VND";"";"Utilisateur anonyme";"Utilisateur anonyme";"1,47";"En espèces";"";"";"";"";"Expense";"1";"false";"false";"restaurant-false-386c1f850fbd5f478fb4ef8a134c1740";"restaurant";"#009688";"payments-069b30db06d047a398f9eb0940d3279c";"payments";"#039BE5";"H8y5lmMVDDh36eZRtK5Ht0WvEwD2";"";"[{'share':45000000,'shareInHomeCurrency':1470,'forTravelerId':'H8y5lmMVDDh36eZRtK5Ht0WvEwD2'}]"
"44 720";"1,46";"Transport";"30 697,962";"France";"FR";"13/01/2026";"EUR";"VND";"";"Utilisateur anonyme";"Utilisateur anonyme";"1,46";"Carte de crédit";"";"";"";"";"Expense";"1";"false";"false";"train-false-a600971fdd23ea1f5685d7ee01d5f5c3";"train";"#EF6C00";"credit_card-73a61696f100b3858511e212a3feea6b";"credit_card";"#FFB300";"H8y5lmMVDDh36eZRtK5Ht0WvEwD2";"";"[{'share':44720000,'shareInHomeCurrency':1460,'forTravelerId':'H8y5lmMVDDh36eZRtK5Ht0WvEwD2'}]"
"177 000";"5,79";"Restaurants";"30 564,139";"France";"FR";"12/01/2026";"EUR";"VND";"";"Utilisateur anonyme";"Utilisateur anonyme";"5,79";"En espèces";"";"";"";"";"Expense";"1";"false";"false";"restaurant-false-386c1f850fbd5f478fb4ef8a134c1740";"restaurant";"#009688";"payments-069b30db06d047a398f9eb0940d3279c";"payments";"#039BE5";"H8y5lmMVDDh36eZRtK5Ht0WvEwD2";"";"[{'share':177000000,'shareInHomeCurrency':5790,'forTravelerId':'H8y5lmMVDDh36eZRtK5Ht0WvEwD2'}]"
"30 000";"0,98";"Boissons";"30 564,139";"France";"FR";"12/01/2026";"EUR";"VND";"";"Utilisateur anonyme";"Utilisateur anonyme";"0,98";"En espèces";"";"";"";"";"Expense";"1";"false";"false";"local_bar-false-0c96179df5834759b90ee5cb3834a365";"local_bar";"#673AB7";"payments-069b30db06d047a398f9eb0940d3279c";"payments";"#039BE5";"H8y5lmMVDDh36eZRtK5Ht0WvEwD2";"";"[{'share':30000000,'shareInHomeCurrency':980,'forTravelerId':'H8y5lmMVDDh36eZRtK5Ht0WvEwD2'}]"
"80 000";"2,62";"Restaurants";"30 564,139";"France";"FR";"12/01/2026";"EUR";"VND";"";"Utilisateur anonyme";"Utilisateur anonyme";"2,62";"En espèces";"";"";"";"";"Expense";"1";"false";"false";"restaurant-false-386c1f850fbd5f478fb4ef8a134c1740";"restaurant";"#009688";"payments-069b30db06d047a398f9eb0940d3279c";"payments";"#039BE5";"H8y5lmMVDDh36eZRtK5Ht0WvEwD2";"";"[{'share':80000000,'shareInHomeCurrency':2620,'forTravelerId':'H8y5lmMVDDh36eZRtK5Ht0WvEwD2'}]"
"40 000";"1,31";"Boissons";"30 564,139";"France";"FR";"12/01/2026";"EUR";"VND";"";"Utilisateur anonyme";"Utilisateur anonyme";"1,31";"En espèces";"";"";"";"";"Expense";"1";"false";"false";"local_bar-false-0c96179df5834759b90ee5cb3834a365";"local_bar";"#673AB7";"payments-069b30db06d047a398f9eb0940d3279c";"payments";"#039BE5";"H8y5lmMVDDh36eZRtK5Ht0WvEwD2";"";"[{'share':40000000,'shareInHomeCurrency':1310,'forTravelerId':'H8y5lmMVDDh36eZRtK5Ht0WvEwD2'}]"
"25 000";"0,82";"Restaurants";"30 564,139";"France";"FR";"11/01/2026";"EUR";"VND";"";"Utilisateur anonyme";"Utilisateur anonyme";"0,82";"En espèces";"";"";"";"";"Expense";"1";"false";"false";"restaurant-false-386c1f850fbd5f478fb4ef8a134c1740";"restaurant";"#009688";"payments-069b30db06d047a398f9eb0940d3279c";"payments";"#039BE5";"H8y5lmMVDDh36eZRtK5Ht0WvEwD2";"";"[{'share':25000000,'shareInHomeCurrency':820,'forTravelerId':'H8y5lmMVDDh36eZRtK5Ht0WvEwD2'}]"
"30 000";"0,98";"Restaurants";"30 564,139";"France";"FR";"11/01/2026";"EUR";"VND";"";"Utilisateur anonyme";"Utilisateur anonyme";"0,98";"En espèces";"";"";"";"";"Expense";"1";"false";"false";"restaurant-false-386c1f850fbd5f478fb4ef8a134c1740";"restaurant";"#009688";"payments-069b30db06d047a398f9eb0940d3279c";"payments";"#039BE5";"H8y5lmMVDDh36eZRtK5Ht0WvEwD2";"";"[{'share':30000000,'shareInHomeCurrency':980,'forTravelerId':'H8y5lmMVDDh36eZRtK5Ht0WvEwD2'}]"
"25 000";"0,82";"Restaurants";"30 564,139";"France";"FR";"11/01/2026";"EUR";"VND";"";"Utilisateur anonyme";"Utilisateur anonyme";"0,82";"En espèces";"";"";"";"";"Expense";"1";"false";"false";"restaurant-false-386c1f850fbd5f478fb4ef8a134c1740";"restaurant";"#009688";"payments-069b30db06d047a398f9eb0940d3279c";"payments";"#039BE5";"H8y5lmMVDDh36eZRtK5Ht0WvEwD2";"";"[{'share':25000000,'shareInHomeCurrency':820,'forTravelerId':'H8y5lmMVDDh36eZRtK5Ht0WvEwD2'}]"
"50 000";"1,64";"Boissons";"30 564,139";"France";"FR";"11/01/2026";"EUR";"VND";"";"Utilisateur anonyme";"Utilisateur anonyme";"1,64";"En espèces";"";"";"";"";"Expense";"1";"false";"false";"local_bar-false-0c96179df5834759b90ee5cb3834a365";"local_bar";"#673AB7";"payments-069b30db06d047a398f9eb0940d3279c";"payments";"#039BE5";"H8y5lmMVDDh36eZRtK5Ht0WvEwD2";"";"[{'share':50000000,'shareInHomeCurrency':1640,'forTravelerId':'H8y5lmMVDDh36eZRtK5Ht0WvEwD2'}]"
"60 000";"1,96";"Restaurants";"30 564,139";"France";"FR";"11/01/2026";"EUR";"VND";"";"Utilisateur anonyme";"Utilisateur anonyme";"1,96";"En espèces";"";"";"";"";"Expense";"1";"false";"false";"restaurant-false-386c1f850fbd5f478fb4ef8a134c1740";"restaurant";"#009688";"payments-069b30db06d047a398f9eb0940d3279c";"payments";"#039BE5";"H8y5lmMVDDh36eZRtK5Ht0WvEwD2";"";"[{'share':60000000,'shareInHomeCurrency':1960,'forTravelerId':'H8y5lmMVDDh36eZRtK5Ht0WvEwD2'}]"
"50 000";"1,64";"Tourisme";"30 564,139";"France";"FR";"11/01/2026";"EUR";"VND";"";"Utilisateur anonyme";"Utilisateur anonyme";"1,64";"En espèces";"";"";"";"";"Expense";"1";"false";"false";"museum-false-15ef303b96502f06a5f0095002a87cf8";"museum";"#8BC34A";"payments-069b30db06d047a398f9eb0940d3279c";"payments";"#039BE5";"H8y5lmMVDDh36eZRtK5Ht0WvEwD2";"";"[{'share':50000000,'shareInHomeCurrency':1640,'forTravelerId':'H8y5lmMVDDh36eZRtK5Ht0WvEwD2'}]"
"40 000";"1,31";"Restaurants";"30 564,139";"France";"FR";"10/01/2026";"EUR";"VND";"";"Utilisateur anonyme";"Utilisateur anonyme";"1,31";"En espèces";"";"";"";"";"Expense";"1";"false";"false";"restaurant-false-386c1f850fbd5f478fb4ef8a134c1740";"restaurant";"#009688";"payments-069b30db06d047a398f9eb0940d3279c";"payments";"#039BE5";"H8y5lmMVDDh36eZRtK5Ht0WvEwD2";"";"[{'share':40000000,'shareInHomeCurrency':1310,'forTravelerId':'H8y5lmMVDDh36eZRtK5Ht0WvEwD2'}]"
"25 000";"0,82";"Restaurants";"30 581,269";"France";"FR";"10/01/2026";"EUR";"VND";"";"Utilisateur anonyme";"Utilisateur anonyme";"0,82";"En espèces";"";"";"";"";"Expense";"1";"false";"false";"restaurant-false-386c1f850fbd5f478fb4ef8a134c1740";"restaurant";"#009688";"payments-069b30db06d047a398f9eb0940d3279c";"payments";"#039BE5";"H8y5lmMVDDh36eZRtK5Ht0WvEwD2";"";"[{'share':25000000,'shareInHomeCurrency':820,'forTravelerId':'H8y5lmMVDDh36eZRtK5Ht0WvEwD2'}]"
"55 000";"1,80";"Restaurants";"30 581,269";"France";"FR";"10/01/2026";"EUR";"VND";"";"Utilisateur anonyme";"Utilisateur anonyme";"1,80";"En espèces";"";"";"";"";"Expense";"1";"false";"false";"restaurant-false-386c1f850fbd5f478fb4ef8a134c1740";"restaurant";"#009688";"payments-069b30db06d047a398f9eb0940d3279c";"payments";"#039BE5";"H8y5lmMVDDh36eZRtK5Ht0WvEwD2";"";"[{'share':55000000,'shareInHomeCurrency':1800,'forTravelerId':'H8y5lmMVDDh36eZRtK5Ht0WvEwD2'}]"
"100 000";"3,27";"Tourisme";"30 581,269";"France";"FR";"10/01/2026";"EUR";"VND";"";"Utilisateur anonyme";"Utilisateur anonyme";"3,27";"Carte de crédit";"";"";"";"";"Expense";"1";"false";"false";"museum-false-15ef303b96502f06a5f0095002a87cf8";"museum";"#8BC34A";"credit_card-73a61696f100b3858511e212a3feea6b";"credit_card";"#FFB300";"H8y5lmMVDDh36eZRtK5Ht0WvEwD2";"";"[{'share':100000000,'shareInHomeCurrency':3270,'forTravelerId':'H8y5lmMVDDh36eZRtK5Ht0WvEwD2'}]"
"80 000";"2,62";"Boissons";"30 581,269";"France";"FR";"09/01/2026";"EUR";"VND";"";"Utilisateur anonyme";"Utilisateur anonyme";"2,62";"En espèces";"";"";"";"";"Expense";"1";"false";"false";"local_bar-false-0c96179df5834759b90ee5cb3834a365";"local_bar";"#673AB7";"payments-069b30db06d047a398f9eb0940d3279c";"payments";"#039BE5";"H8y5lmMVDDh36eZRtK5Ht0WvEwD2";"";"[{'share':80000000,'shareInHomeCurrency':2620,'forTravelerId':'H8y5lmMVDDh36eZRtK5Ht0WvEwD2'}]"
"60 000";"1,96";"Restaurants";"30 682,8";"France";"FR";"09/01/2026";"EUR";"VND";"";"Utilisateur anonyme";"Utilisateur anonyme";"1,96";"En espèces";"";"";"";"";"Expense";"1";"false";"false";"restaurant-false-386c1f850fbd5f478fb4ef8a134c1740";"restaurant";"#009688";"payments-069b30db06d047a398f9eb0940d3279c";"payments";"#039BE5";"H8y5lmMVDDh36eZRtK5Ht0WvEwD2";"";"[{'share':60000000,'shareInHomeCurrency':1960,'forTravelerId':'H8y5lmMVDDh36eZRtK5Ht0WvEwD2'}]"
"50 000";"1,63";"Restaurants";"30 682,8";"France";"FR";"09/01/2026";"EUR";"VND";"";"Utilisateur anonyme";"Utilisateur anonyme";"1,63";"En espèces";"";"";"";"";"Expense";"1";"false";"false";"restaurant-false-386c1f850fbd5f478fb4ef8a134c1740";"restaurant";"#009688";"payments-069b30db06d047a398f9eb0940d3279c";"payments";"#039BE5";"H8y5lmMVDDh36eZRtK5Ht0WvEwD2";"";"[{'share':50000000,'shareInHomeCurrency':1630,'forTravelerId':'H8y5lmMVDDh36eZRtK5Ht0WvEwD2'}]"
"4 000";"0,13";"Tourisme";"30 682,8";"France";"FR";"09/01/2026";"EUR";"VND";"";"Utilisateur anonyme";"Utilisateur anonyme";"0,13";"En espèces";"";"";"";"";"Expense";"1";"false";"false";"museum-false-15ef303b96502f06a5f0095002a87cf8";"museum";"#8BC34A";"payments-069b30db06d047a398f9eb0940d3279c";"payments";"#039BE5";"H8y5lmMVDDh36eZRtK5Ht0WvEwD2";"";"[{'share':4000000,'shareInHomeCurrency':130,'forTravelerId':'H8y5lmMVDDh36eZRtK5Ht0WvEwD2'}]"
"100 000";"3,26";"Autres dépenses";"30 682,8";"France";"FR";"09/01/2026";"EUR";"VND";"";"Utilisateur anonyme";"Utilisateur anonyme";"3,26";"En espèces";"";"";"";"";"Expense";"1";"false";"false";"more-false-0db377921f4ce762c62526131097968f";"more";"#FFB300";"payments-069b30db06d047a398f9eb0940d3279c";"payments";"#039BE5";"H8y5lmMVDDh36eZRtK5Ht0WvEwD2";"";"[{'share':100000000,'shareInHomeCurrency':3260,'forTravelerId':'H8y5lmMVDDh36eZRtK5Ht0WvEwD2'}]"
"12 000";"0,39";"Boissons";"30 682,8";"France";"FR";"09/01/2026";"EUR";"VND";"";"Utilisateur anonyme";"Utilisateur anonyme";"0,39";"En espèces";"";"";"";"";"Expense";"1";"false";"false";"local_bar-false-0c96179df5834759b90ee5cb3834a365";"local_bar";"#673AB7";"payments-069b30db06d047a398f9eb0940d3279c";"payments";"#039BE5";"H8y5lmMVDDh36eZRtK5Ht0WvEwD2";"";"[{'share':12000000,'shareInHomeCurrency':390,'forTravelerId':'H8y5lmMVDDh36eZRtK5Ht0WvEwD2'}]"
"1 664 400";"54,25";"Hébergements";"30 682,8";"France";"FR";"08/01/2026";"EUR";"VND";"";"Utilisateur anonyme";"Utilisateur anonyme";"54,25";"En espèces";"";"";"";"";"Expense";"6";"false";"false";"hotel-false-3e1b660a6d0b1877c3dd4a16fbb5cb5c";"hotel";"#DB4437";"payments-069b30db06d047a398f9eb0940d3279c";"payments";"#039BE5";"H8y5lmMVDDh36eZRtK5Ht0WvEwD2";"";"[{'share':1664400000,'shareInHomeCurrency':54250,'forTravelerId':'H8y5lmMVDDh36eZRtK5Ht0WvEwD2'}]"
"262 000";"8,52";"Transport";"30 767,672";"France";"FR";"08/01/2026";"EUR";"VND";"";"Utilisateur anonyme";"Utilisateur anonyme";"8,52";"Carte de crédit";"";"";"";"";"Expense";"1";"false";"false";"train-false-a600971fdd23ea1f5685d7ee01d5f5c3";"train";"#EF6C00";"credit_card-73a61696f100b3858511e212a3feea6b";"credit_card";"#FFB300";"H8y5lmMVDDh36eZRtK5Ht0WvEwD2";"";"[{'share':262000000,'shareInHomeCurrency':8520,'forTravelerId':'H8y5lmMVDDh36eZRtK5Ht0WvEwD2'}]"
